[
  {
    "model": "proyectos.proyecto",
    "pk": 1,
    "fields": {
      "id_siga": 1,
      "nombre": "CENSOS NACIONALES 2017",
      "sigla": "CPV",
      "anio": 2017,
      "descripcion": "CENSOS NACIONALES 2017",
      "fecha_inicio": null,
      "fecha_fin": null,
      "cod_meta": "030",
      "estado": 1,
      "usr_creacion": "",
      "fec_creacion": null,
      "usr_edicion": "",
      "fec_edicion": null
    }
  },
  {
    "model": "proyectos.proyectosistema",
    "pk": 1,
    "fields": {
      "proyectos": 1,
      "sistemas": 1,
      "url_base": "localhost:8080",
      "codigo": "cpvseguridad",
      "servidor_bd": "172.18.1.41",
      "nombre_bd": "SEGURIDAD",
      "url_receive": "localhost:8080/proyectos",
      "presentacion_icon": null,
      "presentacion_nombre": "SISTEMA DE SEGURIDAD DE APLICACIONES",
      "usr_creacion": "",
      "fec_creacion": null,
      "usr_edicion": "",
      "fec_edicion": null,
      "presentation_image": "icon5.png"
    }
  },
  {
    "model": "proyectos.proyectosistema",
    "pk": 26,
    "fields": {
      "proyectos": 1,
      "sistemas": 11,
      "url_base": "UDRA.INEI.GOB.PE",
      "codigo": "udra",
      "servidor_bd": "172.18.1.41",
      "nombre_bd": "BDLOGISTICA",
      "url_receive": "udra.inei.gob.pe/welcome",
      "presentacion_icon": null,
      "presentacion_nombre": "Sistema de Log\u00edstica",
      "usr_creacion": null,
      "fec_creacion": null,
      "usr_edicion": null,
      "fec_edicion": null,
      "presentation_image": "icon5_ApHSp6N.png"
    }
  },
  {
    "model": "proyectos.proyectosistema",
    "pk": 27,
    "fields": {
      "proyectos": 1,
      "sistemas": 12,
      "url_base": "localhost:8000",
      "codigo": "cpvcapacitacion",
      "servidor_bd": "CAPACITACION",
      "nombre_bd": "CAPACITACION",
      "url_receive": "localhost:8000/setSession",
      "presentacion_icon": null,
      "presentacion_nombre": "Sistema de Capacitaci\u00f3n",
      "usr_creacion": null,
      "fec_creacion": null,
      "usr_edicion": null,
      "fec_edicion": null,
      "presentation_image": null
    }
  },
  {
    "model": "proyectos.modulo",
    "pk": 9,
    "fields": {
      "nombre": "Seguridad",
      "descripcion": "Sistema de Seguridad",
      "slug": "seguridad",
      "codigo": "segurida",
      "proyectosistema": 1,
      "usr_creacion": "",
      "fec_creacion": null,
      "usr_edicion": "",
      "fec_edicion": null,
      "modulo_padre": null,
      "template_html": "seguridad.html",
      "is_padre": 1,
      "icon": "icon-home4"
    }
  },
  {
    "model": "proyectos.modulo",
    "pk": 10,
    "fields": {
      "nombre": "Gesti\u00f3n de Usuarios",
      "descripcion": "Gesti\u00f3n de Usuarios",
      "slug": "gestion-de-usuarios",
      "codigo": "user01",
      "proyectosistema": 1,
      "usr_creacion": "",
      "fec_creacion": null,
      "usr_edicion": "",
      "fec_edicion": null,
      "modulo_padre": 9,
      "template_html": "seguridad/gestion_de_usuarios.html",
      "is_padre": 0,
      "icon": "icon-home4"
    }
  },
  {
    "model": "proyectos.modulo",
    "pk": 11,
    "fields": {
      "nombre": "Gesti\u00f3n de Menu de Aplicaciones",
      "descripcion": "Gesti\u00f3n de Menu de Aplicaciones",
      "slug": "menu-aplicaciones",
      "codigo": "menu.apl",
      "proyectosistema": 1,
      "usr_creacion": "",
      "fec_creacion": null,
      "usr_edicion": "",
      "fec_edicion": null,
      "modulo_padre": 9,
      "template_html": "seguridad/menu-aplicaciones.html",
      "is_padre": 0,
      "icon": "icon-home4"
    }
  },
  {
    "model": "proyectos.modulo",
    "pk": 12,
    "fields": {
      "nombre": "Gesti\u00f3n de Proyectos",
      "descripcion": "Gesti\u00f3n de Proyectos",
      "slug": "proyectos",
      "codigo": "proyecto",
      "proyectosistema": 1,
      "usr_creacion": "",
      "fec_creacion": null,
      "usr_edicion": "",
      "fec_edicion": null,
      "modulo_padre": 9,
      "template_html": "seguridad/proyectos.html",
      "is_padre": 0,
      "icon": "icon-home4"
    }
  },
  {
    "model": "proyectos.modulo",
    "pk": 13,
    "fields": {
      "nombre": "Gesti\u00f3n de Sistemas",
      "descripcion": "Gesti\u00f3n de Sistemas",
      "slug": "sistemas",
      "codigo": "sistemas",
      "proyectosistema": 1,
      "usr_creacion": "",
      "fec_creacion": null,
      "usr_edicion": "",
      "fec_edicion": null,
      "modulo_padre": 9,
      "template_html": "seguridad/sistemas.html",
      "is_padre": 0,
      "icon": "icon-home4"
    }
  },
  {
    "model": "proyectos.modulo",
    "pk": 14,
    "fields": {
      "nombre": "Gesti\u00f3n de Roles",
      "descripcion": "Gesti\u00f3n de Roles",
      "slug": "roles",
      "codigo": "rol",
      "proyectosistema": 1,
      "usr_creacion": "",
      "fec_creacion": null,
      "usr_edicion": "",
      "fec_edicion": null,
      "modulo_padre": 9,
      "template_html": "seguridad/roles.html",
      "is_padre": 0,
      "icon": "icon-home4"
    }
  },
  {
    "model": "proyectos.modulo",
    "pk": 19,
    "fields": {
      "nombre": "Gesti\u00f3n de Permisos",
      "descripcion": "Gesti\u00f3n de Permisos",
      "slug": "permisos",
      "codigo": "prm",
      "proyectosistema": 1,
      "usr_creacion": null,
      "fec_creacion": null,
      "usr_edicion": null,
      "fec_edicion": null,
      "modulo_padre": 9,
      "template_html": "seguridad/permisos.html",
      "is_padre": 0,
      "icon": "icon-unlocked2"
    }
  },
  {
    "model": "proyectos.modulo",
    "pk": 125,
    "fields": {
      "nombre": "Gesti\u00f3n de WebServices",
      "descripcion": "Gesti\u00f3n de WebServices",
      "slug": "webservices",
      "codigo": "webs",
      "proyectosistema": 1,
      "usr_creacion": null,
      "fec_creacion": null,
      "usr_edicion": null,
      "fec_edicion": null,
      "modulo_padre": 9,
      "template_html": "seguridad/webservices.html",
      "is_padre": 0,
      "icon": "icon-home4"
    }
  },
  {
    "model": "proyectos.modulo",
    "pk": 142,
    "fields": {
      "nombre": "SISTEMA DE LOG\u00cdSTICA",
      "descripcion": "SISTEMA DE LOG\u00cdSTICA",
      "slug": "sistema-de-logistica",
      "codigo": "sistema-de-logistica",
      "proyectosistema": 26,
      "usr_creacion": null,
      "fec_creacion": null,
      "usr_edicion": null,
      "fec_edicion": null,
      "modulo_padre": null,
      "template_html": null,
      "is_padre": 1,
      "icon": "icon-home4"
    }
  },
  {
    "model": "proyectos.modulo",
    "pk": 143,
    "fields": {
      "nombre": "Sistema de Capacitaci\u00f3n",
      "descripcion": "Sistema de Capacitaci\u00f3n",
      "slug": "sistema-de-capacitacion",
      "codigo": "sistema-de-capacitacion",
      "proyectosistema": 27,
      "usr_creacion": null,
      "fec_creacion": null,
      "usr_edicion": null,
      "fec_edicion": null,
      "modulo_padre": null,
      "template_html": null,
      "is_padre": 1,
      "icon": "icon-home4"
    }
  },
  {
    "model": "proyectos.modulo",
    "pk": 144,
    "fields": {
      "nombre": "DISTRITOS CON ACCESO A INTERNET",
      "descripcion": "DISTRITOS CON ACCESO A INTERNET",
      "slug": "#",
      "codigo": "coninter",
      "proyectosistema": 27,
      "usr_creacion": null,
      "fec_creacion": null,
      "usr_edicion": null,
      "fec_edicion": null,
      "modulo_padre": 143,
      "template_html": null,
      "is_padre": 1,
      "icon": "icon-station"
    }
  },
  {
    "model": "proyectos.modulo",
    "pk": 145,
    "fields": {
      "nombre": "DISTRITOS SIN ACCESO A INTERNET",
      "descripcion": "DISTRITOS SIN ACCESO A INTERNET",
      "slug": "#",
      "codigo": "sininter",
      "proyectosistema": 27,
      "usr_creacion": null,
      "fec_creacion": null,
      "usr_edicion": null,
      "fec_edicion": null,
      "modulo_padre": 143,
      "template_html": null,
      "is_padre": 1,
      "icon": "icon-home4"
    }
  },
  {
    "model": "proyectos.modulo",
    "pk": 146,
    "fields": {
      "nombre": "REPORTES",
      "descripcion": "REPORTES",
      "slug": "reporte/main",
      "codigo": "reportes",
      "proyectosistema": 27,
      "usr_creacion": null,
      "fec_creacion": null,
      "usr_edicion": null,
      "fec_edicion": null,
      "modulo_padre": 143,
      "template_html": "main.html",
      "is_padre": 0,
      "icon": "icon-menu6"
    }
  },
  {
    "model": "proyectos.modulo",
    "pk": 147,
    "fields": {
      "nombre": "M\u00f3dulo de registro de local",
      "descripcion": "M\u00f3dulo de registro de local",
      "slug": "modulos/registro-local",
      "codigo": "reglocal",
      "proyectosistema": 27,
      "usr_creacion": null,
      "fec_creacion": null,
      "usr_edicion": null,
      "fec_edicion": null,
      "modulo_padre": 144,
      "template_html": "registro-local.html",
      "is_padre": 0,
      "icon": "icon-home7"
    }
  },
  {
    "model": "proyectos.modulo",
    "pk": 148,
    "fields": {
      "nombre": "M\u00f3dulo de distribuci\u00f3n de personal",
      "descripcion": "M\u00f3dulo de distribuci\u00f3n de personal",
      "slug": "modulos/distribucion",
      "codigo": "dist",
      "proyectosistema": 27,
      "usr_creacion": null,
      "fec_creacion": null,
      "usr_edicion": null,
      "fec_edicion": null,
      "modulo_padre": 144,
      "template_html": "distribucion.html",
      "is_padre": 0,
      "icon": "icon-users4"
    }
  },
  {
    "model": "proyectos.modulo",
    "pk": 149,
    "fields": {
      "nombre": "M\u00f3dulo de asistencia",
      "descripcion": "M\u00f3dulo de asistencia",
      "slug": "modulos/asistencia",
      "codigo": "asist",
      "proyectosistema": 27,
      "usr_creacion": null,
      "fec_creacion": null,
      "usr_edicion": null,
      "fec_edicion": null,
      "modulo_padre": 144,
      "template_html": "asistencia.html",
      "is_padre": 0,
      "icon": "icon-clipboard5"
    }
  },
  {
    "model": "proyectos.modulo",
    "pk": 150,
    "fields": {
      "nombre": "M\u00f3dulo de registro de notas",
      "descripcion": "M\u00f3dulo de registro de notas",
      "slug": "modulos/evaluaciones",
      "codigo": "eval",
      "proyectosistema": 27,
      "usr_creacion": null,
      "fec_creacion": null,
      "usr_edicion": null,
      "fec_edicion": null,
      "modulo_padre": 144,
      "template_html": "evaluaciones.html",
      "is_padre": 0,
      "icon": "icon-book3"
    }
  },
  {
    "model": "proyectos.modulo",
    "pk": 151,
    "fields": {
      "nombre": "M\u00f3dulo de resultados",
      "descripcion": "M\u00f3dulo de resultados",
      "slug": "modulos/resultados",
      "codigo": "result",
      "proyectosistema": 27,
      "usr_creacion": null,
      "fec_creacion": null,
      "usr_edicion": null,
      "fec_edicion": null,
      "modulo_padre": 144,
      "template_html": "resultados.html",
      "is_padre": 0,
      "icon": "icon-statistics"
    }
  },
  {
    "model": "proyectos.modulo",
    "pk": 152,
    "fields": {
      "nombre": "M\u00f3dulo de registro de local",
      "descripcion": "M\u00f3dulo de registro de local",
      "slug": "modulos/registro-local-sin-internet",
      "codigo": "localsin",
      "proyectosistema": 27,
      "usr_creacion": null,
      "fec_creacion": null,
      "usr_edicion": null,
      "fec_edicion": null,
      "modulo_padre": 145,
      "template_html": "registro-local.html",
      "is_padre": 0,
      "icon": "icon-home7"
    }
  },
  {
    "model": "proyectos.modulo",
    "pk": 153,
    "fields": {
      "nombre": "M\u00f3dulo de registro de notas",
      "descripcion": "M\u00f3dulo de registro de notas",
      "slug": "modulos/evaluacion-sininternet",
      "codigo": "evalsin",
      "proyectosistema": 27,
      "usr_creacion": null,
      "fec_creacion": null,
      "usr_edicion": null,
      "fec_edicion": null,
      "modulo_padre": 145,
      "template_html": "sininternet.html",
      "is_padre": 0,
      "icon": "icon-book3"
    }
  },
  {
    "model": "proyectos.modulo",
    "pk": 154,
    "fields": {
      "nombre": "M\u00f3dulo de Resultados",
      "descripcion": "M\u00f3dulo de Resultados",
      "slug": "modulos/resultados-sin-internet",
      "codigo": "resulsin",
      "proyectosistema": 27,
      "usr_creacion": null,
      "fec_creacion": null,
      "usr_edicion": null,
      "fec_edicion": null,
      "modulo_padre": 145,
      "template_html": "resultados.html",
      "is_padre": 0,
      "icon": "icon-statistics"
    }
  },
  {
    "model": "proyectos.permiso",
    "pk": 1,
    "fields": {
      "nombre": "Guardar",
      "descripcion": "Permiso de guardar (incluye agregar, editar)",
      "codigo": 100,
      "dom_name_sufijo": "__save",
      "proyectosistema": null,
      "usr_creacion": "",
      "fec_creacion": null,
      "usr_edicion": "",
      "fec_edicion": null
    }
  },
  {
    "model": "proyectos.permiso",
    "pk": 2,
    "fields": {
      "nombre": "Importar",
      "descripcion": "Permiso para importar informaci\u00f3n",
      "codigo": 101,
      "dom_name_sufijo": "__import",
      "proyectosistema": null,
      "usr_creacion": null,
      "fec_creacion": null,
      "usr_edicion": null,
      "fec_edicion": null
    }
  },
  {
    "model": "proyectos.permiso",
    "pk": 6,
    "fields": {
      "nombre": "Exportar",
      "descripcion": "Exportar en excel",
      "codigo": 102,
      "dom_name_sufijo": "__export",
      "proyectosistema": null,
      "usr_creacion": null,
      "fec_creacion": null,
      "usr_edicion": null,
      "fec_edicion": null
    }
  },
  {
    "model": "proyectos.permiso",
    "pk": 9,
    "fields": {
      "nombre": "Editar",
      "descripcion": "Editar datos",
      "codigo": 103,
      "dom_name_sufijo": "__editar_datos",
      "proyectosistema": null,
      "usr_creacion": null,
      "fec_creacion": null,
      "usr_edicion": null,
      "fec_edicion": null
    }
  },
  {
    "model": "proyectos.permiso",
    "pk": 10,
    "fields": {
      "nombre": "Agregar Menu",
      "descripcion": "Agregar Modulos",
      "codigo": 203,
      "dom_name_sufijo": "__add_menu",
      "proyectosistema": 1,
      "usr_creacion": null,
      "fec_creacion": null,
      "usr_edicion": null,
      "fec_edicion": null
    }
  },
  {
    "model": "proyectos.permiso",
    "pk": 12,
    "fields": {
      "nombre": "Eliminar",
      "descripcion": "Eliminar",
      "codigo": 104,
      "dom_name_sufijo": "__delete",
      "proyectosistema": null,
      "usr_creacion": null,
      "fec_creacion": null,
      "usr_edicion": null,
      "fec_edicion": null
    }
  },
  {
    "model": "proyectos.permiso",
    "pk": 19,
    "fields": {
      "nombre": "Nuevo Local",
      "descripcion": "Nuevo Local",
      "codigo": 501,
      "dom_name_sufijo": "Registro-Nuevo Local",
      "proyectosistema": 1,
      "usr_creacion": null,
      "fec_creacion": null,
      "usr_edicion": null,
      "fec_edicion": null
    }
  },
  {
    "model": "proyectos.permiso",
    "pk": 20,
    "fields": {
      "nombre": "Dar Alta",
      "descripcion": "Dar Alta",
      "codigo": 502,
      "dom_name_sufijo": "Asistencia - Dar Alta",
      "proyectosistema": 1,
      "usr_creacion": null,
      "fec_creacion": null,
      "usr_edicion": null,
      "fec_edicion": null
    }
  },
  {
    "model": "proyectos.permiso",
    "pk": 21,
    "fields": {
      "nombre": "Dar Baja",
      "descripcion": "Dar Baja",
      "codigo": 503,
      "dom_name_sufijo": "Asistencia-Dar Baja",
      "proyectosistema": 1,
      "usr_creacion": null,
      "fec_creacion": null,
      "usr_edicion": null,
      "fec_edicion": null
    }
  },
  {
    "model": "proyectos.modulorol",
    "pk": 383,
    "fields": {
      "rol": 1,
      "modulo": 9,
      "usr_creacion": null,
      "fec_creacion": null,
      "usr_edicion": null,
      "fec_edicion": null
    }
  },
  {
    "model": "proyectos.modulorol",
    "pk": 384,
    "fields": {
      "rol": 1,
      "modulo": 10,
      "usr_creacion": null,
      "fec_creacion": null,
      "usr_edicion": null,
      "fec_edicion": null
    }
  },
  {
    "model": "proyectos.modulorol",
    "pk": 385,
    "fields": {
      "rol": 1,
      "modulo": 11,
      "usr_creacion": null,
      "fec_creacion": null,
      "usr_edicion": null,
      "fec_edicion": null
    }
  },
  {
    "model": "proyectos.modulorol",
    "pk": 386,
    "fields": {
      "rol": 1,
      "modulo": 12,
      "usr_creacion": null,
      "fec_creacion": null,
      "usr_edicion": null,
      "fec_edicion": null
    }
  },
  {
    "model": "proyectos.modulorol",
    "pk": 387,
    "fields": {
      "rol": 1,
      "modulo": 13,
      "usr_creacion": null,
      "fec_creacion": null,
      "usr_edicion": null,
      "fec_edicion": null
    }
  },
  {
    "model": "proyectos.modulorol",
    "pk": 388,
    "fields": {
      "rol": 1,
      "modulo": 14,
      "usr_creacion": null,
      "fec_creacion": null,
      "usr_edicion": null,
      "fec_edicion": null
    }
  },
  {
    "model": "proyectos.modulorol",
    "pk": 389,
    "fields": {
      "rol": 1,
      "modulo": 19,
      "usr_creacion": null,
      "fec_creacion": null,
      "usr_edicion": null,
      "fec_edicion": null
    }
  },
  {
    "model": "proyectos.modulorol",
    "pk": 390,
    "fields": {
      "rol": 1,
      "modulo": 125,
      "usr_creacion": null,
      "fec_creacion": null,
      "usr_edicion": null,
      "fec_edicion": null
    }
  },
  {
    "model": "proyectos.modulorol",
    "pk": 391,
    "fields": {
      "rol": 1,
      "modulo": 142,
      "usr_creacion": null,
      "fec_creacion": null,
      "usr_edicion": null,
      "fec_edicion": null
    }
  },
  {
    "model": "proyectos.modulorol",
    "pk": 392,
    "fields": {
      "rol": 1,
      "modulo": 143,
      "usr_creacion": null,
      "fec_creacion": null,
      "usr_edicion": null,
      "fec_edicion": null
    }
  },
  {
    "model": "proyectos.modulorol",
    "pk": 393,
    "fields": {
      "rol": 1,
      "modulo": 144,
      "usr_creacion": null,
      "fec_creacion": null,
      "usr_edicion": null,
      "fec_edicion": null
    }
  },
  {
    "model": "proyectos.modulorol",
    "pk": 394,
    "fields": {
      "rol": 1,
      "modulo": 147,
      "usr_creacion": null,
      "fec_creacion": null,
      "usr_edicion": null,
      "fec_edicion": null
    }
  },
  {
    "model": "proyectos.modulorol",
    "pk": 395,
    "fields": {
      "rol": 1,
      "modulo": 148,
      "usr_creacion": null,
      "fec_creacion": null,
      "usr_edicion": null,
      "fec_edicion": null
    }
  },
  {
    "model": "proyectos.modulorol",
    "pk": 396,
    "fields": {
      "rol": 1,
      "modulo": 149,
      "usr_creacion": null,
      "fec_creacion": null,
      "usr_edicion": null,
      "fec_edicion": null
    }
  },
  {
    "model": "proyectos.modulorol",
    "pk": 397,
    "fields": {
      "rol": 1,
      "modulo": 150,
      "usr_creacion": null,
      "fec_creacion": null,
      "usr_edicion": null,
      "fec_edicion": null
    }
  },
  {
    "model": "proyectos.modulorol",
    "pk": 398,
    "fields": {
      "rol": 1,
      "modulo": 151,
      "usr_creacion": null,
      "fec_creacion": null,
      "usr_edicion": null,
      "fec_edicion": null
    }
  },
  {
    "model": "proyectos.modulorol",
    "pk": 399,
    "fields": {
      "rol": 1,
      "modulo": 145,
      "usr_creacion": null,
      "fec_creacion": null,
      "usr_edicion": null,
      "fec_edicion": null
    }
  },
  {
    "model": "proyectos.modulorol",
    "pk": 400,
    "fields": {
      "rol": 1,
      "modulo": 152,
      "usr_creacion": null,
      "fec_creacion": null,
      "usr_edicion": null,
      "fec_edicion": null
    }
  },
  {
    "model": "proyectos.modulorol",
    "pk": 401,
    "fields": {
      "rol": 1,
      "modulo": 153,
      "usr_creacion": null,
      "fec_creacion": null,
      "usr_edicion": null,
      "fec_edicion": null
    }
  },
  {
    "model": "proyectos.modulorol",
    "pk": 402,
    "fields": {
      "rol": 1,
      "modulo": 154,
      "usr_creacion": null,
      "fec_creacion": null,
      "usr_edicion": null,
      "fec_edicion": null
    }
  },
  {
    "model": "proyectos.modulorol",
    "pk": 403,
    "fields": {
      "rol": 1,
      "modulo": 146,
      "usr_creacion": null,
      "fec_creacion": null,
      "usr_edicion": null,
      "fec_edicion": null
    }
  },
  {
    "model": "proyectos.modulorol",
    "pk": 404,
    "fields": {
      "rol": 2,
      "modulo": 143,
      "usr_creacion": null,
      "fec_creacion": null,
      "usr_edicion": null,
      "fec_edicion": null
    }
  },
  {
    "model": "proyectos.modulorol",
    "pk": 405,
    "fields": {
      "rol": 2,
      "modulo": 144,
      "usr_creacion": null,
      "fec_creacion": null,
      "usr_edicion": null,
      "fec_edicion": null
    }
  },
  {
    "model": "proyectos.modulorol",
    "pk": 406,
    "fields": {
      "rol": 2,
      "modulo": 147,
      "usr_creacion": null,
      "fec_creacion": null,
      "usr_edicion": null,
      "fec_edicion": null
    }
  },
  {
    "model": "proyectos.modulorol",
    "pk": 407,
    "fields": {
      "rol": 2,
      "modulo": 148,
      "usr_creacion": null,
      "fec_creacion": null,
      "usr_edicion": null,
      "fec_edicion": null
    }
  },
  {
    "model": "proyectos.modulorol",
    "pk": 408,
    "fields": {
      "rol": 2,
      "modulo": 149,
      "usr_creacion": null,
      "fec_creacion": null,
      "usr_edicion": null,
      "fec_edicion": null
    }
  },
  {
    "model": "proyectos.modulorol",
    "pk": 409,
    "fields": {
      "rol": 2,
      "modulo": 150,
      "usr_creacion": null,
      "fec_creacion": null,
      "usr_edicion": null,
      "fec_edicion": null
    }
  },
  {
    "model": "proyectos.modulorol",
    "pk": 410,
    "fields": {
      "rol": 2,
      "modulo": 151,
      "usr_creacion": null,
      "fec_creacion": null,
      "usr_edicion": null,
      "fec_edicion": null
    }
  },
  {
    "model": "proyectos.modulorol",
    "pk": 411,
    "fields": {
      "rol": 2,
      "modulo": 145,
      "usr_creacion": null,
      "fec_creacion": null,
      "usr_edicion": null,
      "fec_edicion": null
    }
  },
  {
    "model": "proyectos.modulorol",
    "pk": 412,
    "fields": {
      "rol": 2,
      "modulo": 152,
      "usr_creacion": null,
      "fec_creacion": null,
      "usr_edicion": null,
      "fec_edicion": null
    }
  },
  {
    "model": "proyectos.modulorol",
    "pk": 413,
    "fields": {
      "rol": 2,
      "modulo": 153,
      "usr_creacion": null,
      "fec_creacion": null,
      "usr_edicion": null,
      "fec_edicion": null
    }
  },
  {
    "model": "proyectos.modulorol",
    "pk": 414,
    "fields": {
      "rol": 2,
      "modulo": 154,
      "usr_creacion": null,
      "fec_creacion": null,
      "usr_edicion": null,
      "fec_edicion": null
    }
  },
  {
    "model": "proyectos.modulorol",
    "pk": 415,
    "fields": {
      "rol": 2,
      "modulo": 146,
      "usr_creacion": null,
      "fec_creacion": null,
      "usr_edicion": null,
      "fec_edicion": null
    }
  },
  {
    "model": "proyectos.modulorol",
    "pk": 416,
    "fields": {
      "rol": 3,
      "modulo": 143,
      "usr_creacion": null,
      "fec_creacion": null,
      "usr_edicion": null,
      "fec_edicion": null
    }
  },
  {
    "model": "proyectos.modulorol",
    "pk": 417,
    "fields": {
      "rol": 3,
      "modulo": 144,
      "usr_creacion": null,
      "fec_creacion": null,
      "usr_edicion": null,
      "fec_edicion": null
    }
  },
  {
    "model": "proyectos.modulorol",
    "pk": 418,
    "fields": {
      "rol": 3,
      "modulo": 147,
      "usr_creacion": null,
      "fec_creacion": null,
      "usr_edicion": null,
      "fec_edicion": null
    }
  },
  {
    "model": "proyectos.modulorol",
    "pk": 419,
    "fields": {
      "rol": 3,
      "modulo": 148,
      "usr_creacion": null,
      "fec_creacion": null,
      "usr_edicion": null,
      "fec_edicion": null
    }
  },
  {
    "model": "proyectos.modulorol",
    "pk": 420,
    "fields": {
      "rol": 3,
      "modulo": 149,
      "usr_creacion": null,
      "fec_creacion": null,
      "usr_edicion": null,
      "fec_edicion": null
    }
  },
  {
    "model": "proyectos.modulorol",
    "pk": 421,
    "fields": {
      "rol": 3,
      "modulo": 150,
      "usr_creacion": null,
      "fec_creacion": null,
      "usr_edicion": null,
      "fec_edicion": null
    }
  },
  {
    "model": "proyectos.modulorol",
    "pk": 422,
    "fields": {
      "rol": 3,
      "modulo": 151,
      "usr_creacion": null,
      "fec_creacion": null,
      "usr_edicion": null,
      "fec_edicion": null
    }
  },
  {
    "model": "proyectos.modulorol",
    "pk": 423,
    "fields": {
      "rol": 3,
      "modulo": 145,
      "usr_creacion": null,
      "fec_creacion": null,
      "usr_edicion": null,
      "fec_edicion": null
    }
  },
  {
    "model": "proyectos.modulorol",
    "pk": 424,
    "fields": {
      "rol": 3,
      "modulo": 152,
      "usr_creacion": null,
      "fec_creacion": null,
      "usr_edicion": null,
      "fec_edicion": null
    }
  },
  {
    "model": "proyectos.modulorol",
    "pk": 425,
    "fields": {
      "rol": 3,
      "modulo": 153,
      "usr_creacion": null,
      "fec_creacion": null,
      "usr_edicion": null,
      "fec_edicion": null
    }
  },
  {
    "model": "proyectos.modulorol",
    "pk": 426,
    "fields": {
      "rol": 3,
      "modulo": 154,
      "usr_creacion": null,
      "fec_creacion": null,
      "usr_edicion": null,
      "fec_edicion": null
    }
  },
  {
    "model": "proyectos.modulorol",
    "pk": 427,
    "fields": {
      "rol": 3,
      "modulo": 146,
      "usr_creacion": null,
      "fec_creacion": null,
      "usr_edicion": null,
      "fec_edicion": null
    }
  },
  {
    "model": "proyectos.modulorol",
    "pk": 428,
    "fields": {
      "rol": 4,
      "modulo": 143,
      "usr_creacion": null,
      "fec_creacion": null,
      "usr_edicion": null,
      "fec_edicion": null
    }
  },
  {
    "model": "proyectos.modulorol",
    "pk": 429,
    "fields": {
      "rol": 4,
      "modulo": 144,
      "usr_creacion": null,
      "fec_creacion": null,
      "usr_edicion": null,
      "fec_edicion": null
    }
  },
  {
    "model": "proyectos.modulorol",
    "pk": 430,
    "fields": {
      "rol": 4,
      "modulo": 147,
      "usr_creacion": null,
      "fec_creacion": null,
      "usr_edicion": null,
      "fec_edicion": null
    }
  },
  {
    "model": "proyectos.modulorol",
    "pk": 431,
    "fields": {
      "rol": 4,
      "modulo": 148,
      "usr_creacion": null,
      "fec_creacion": null,
      "usr_edicion": null,
      "fec_edicion": null
    }
  },
  {
    "model": "proyectos.modulorol",
    "pk": 432,
    "fields": {
      "rol": 4,
      "modulo": 149,
      "usr_creacion": null,
      "fec_creacion": null,
      "usr_edicion": null,
      "fec_edicion": null
    }
  },
  {
    "model": "proyectos.modulorol",
    "pk": 433,
    "fields": {
      "rol": 4,
      "modulo": 150,
      "usr_creacion": null,
      "fec_creacion": null,
      "usr_edicion": null,
      "fec_edicion": null
    }
  },
  {
    "model": "proyectos.modulorol",
    "pk": 434,
    "fields": {
      "rol": 4,
      "modulo": 151,
      "usr_creacion": null,
      "fec_creacion": null,
      "usr_edicion": null,
      "fec_edicion": null
    }
  },
  {
    "model": "proyectos.modulorol",
    "pk": 435,
    "fields": {
      "rol": 4,
      "modulo": 145,
      "usr_creacion": null,
      "fec_creacion": null,
      "usr_edicion": null,
      "fec_edicion": null
    }
  },
  {
    "model": "proyectos.modulorol",
    "pk": 436,
    "fields": {
      "rol": 4,
      "modulo": 152,
      "usr_creacion": null,
      "fec_creacion": null,
      "usr_edicion": null,
      "fec_edicion": null
    }
  },
  {
    "model": "proyectos.modulorol",
    "pk": 437,
    "fields": {
      "rol": 4,
      "modulo": 153,
      "usr_creacion": null,
      "fec_creacion": null,
      "usr_edicion": null,
      "fec_edicion": null
    }
  },
  {
    "model": "proyectos.modulorol",
    "pk": 438,
    "fields": {
      "rol": 4,
      "modulo": 154,
      "usr_creacion": null,
      "fec_creacion": null,
      "usr_edicion": null,
      "fec_edicion": null
    }
  },
  {
    "model": "proyectos.modulorol",
    "pk": 439,
    "fields": {
      "rol": 4,
      "modulo": 146,
      "usr_creacion": null,
      "fec_creacion": null,
      "usr_edicion": null,
      "fec_edicion": null
    }
  },
  {
    "model": "proyectos.rol",
    "pk": 1,
    "fields": {
      "nombre": "Administrador",
      "descripcion": "Administrador del Modulo de Seguridad",
      "codigo": "adm",
      "usr_creacion": "",
      "fec_creacion": null,
      "usr_edicion": "",
      "fec_edicion": null
    }
  },
  {
    "model": "proyectos.rol",
    "pk": 2,
    "fields": {
      "nombre": "Jefe de Zona",
      "descripcion": "Jefe de Zona para el Sistema de Capacitaci\u00f3n",
      "codigo": "jefezona",
      "usr_creacion": "",
      "fec_creacion": null,
      "usr_edicion": "",
      "fec_edicion": null
    }
  },
  {
    "model": "proyectos.rol",
    "pk": 3,
    "fields": {
      "nombre": "Jefe DIstrital",
      "descripcion": "Jefe Distrital",
      "codigo": "jefedist",
      "usr_creacion": "",
      "fec_creacion": null,
      "usr_edicion": "",
      "fec_edicion": null
    }
  },
  {
    "model": "proyectos.rol",
    "pk": 4,
    "fields": {
      "nombre": "Jefe Departamental",
      "descripcion": "Jefe Departamental",
      "codigo": "jefedepa",
      "usr_creacion": null,
      "fec_creacion": null,
      "usr_edicion": null,
      "fec_edicion": null
    }
  },
  {
    "model": "proyectos.usuario",
    "pk": 1,
    "fields": {
      "dni": "72188059",
      "ape_pat": "Farf\u00e1n",
      "ape_mat": "Melgar",
      "nombre": "Luis Eduardo",
      "tipousuario": 2,
      "fecha_contrato_inicio": "2015-10-15",
      "fecha_contrato_extended": "",
      "fecha_contrato_fin": "2017-01-19",
      "fecha_nacimiento": "1993-08-14",
      "email_inst": "luis.farfan@inei.gob.pe",
      "email_personal": "lucho.farfan9@gmail.com",
      "usuario": "lfarfan",
      "clave": "luis123",
      "usr_creacion": "",
      "fec_creacion": null,
      "usr_edicion": "",
      "fec_edicion": null,
      "activo": 1,
      "rol": 1,
      "ccdd": null,
      "ccpp": null,
      "ccdi": null,
      "zona": null
    }
  },
  {
    "model": "proyectos.usuario",
    "pk": 33,
    "fields": {
      "dni": "72188059",
      "ape_pat": "Perez",
      "ape_mat": "Perez",
      "nombre": "Elmer",
      "tipousuario": 2,
      "fecha_contrato_inicio": null,
      "fecha_contrato_extended": null,
      "fecha_contrato_fin": null,
      "fecha_nacimiento": null,
      "email_inst": "eperez@inei.gob.pe",
      "email_personal": "eperez@gmail.com",
      "usuario": "eperez",
      "clave": "eperez",
      "usr_creacion": null,
      "fec_creacion": null,
      "usr_edicion": null,
      "fec_edicion": null,
      "activo": 1,
      "rol": 2,
      "ccdd": "15",
      "ccpp": "01",
      "ccdi": "13",
      "zona": null
    }
  },
  {
    "model": "proyectos.tipousuario",
    "pk": 1,
    "fields": {
      "nombre": "NOMBRADO",
      "descripcion": "NOMBRADO",
      "usr_creacion": "",
      "fec_creacion": null,
      "usr_edicion": "",
      "fec_edicion": null
    }
  },
  {
    "model": "proyectos.tipousuario",
    "pk": 2,
    "fields": {
      "nombre": "CAS",
      "descripcion": "CAS",
      "usr_creacion": "",
      "fec_creacion": null,
      "usr_edicion": "",
      "fec_edicion": null
    }
  },
  {
    "model": "proyectos.tipousuario",
    "pk": 3,
    "fields": {
      "nombre": "LOCACI\u00d3N",
      "descripcion": "LOCACI\u00d3N",
      "usr_creacion": "",
      "fec_creacion": null,
      "usr_edicion": "",
      "fec_edicion": null
    }
  },
  {
    "model": "sistemas.sistema",
    "pk": 1,
    "fields": {
      "nombre": "SEGURIDAD",
      "descripcion": "SEGURIDAD",
      "codigo": "seg",
      "usr_creacion": null,
      "fec_creacion": null,
      "usr_edicion": null,
      "fec_edicion": null,
      "estado": 1
    }
  },
  {
    "model": "sistemas.sistema",
    "pk": 11,
    "fields": {
      "nombre": "SISTEMA DE LOG\u00cdSTICA",
      "descripcion": "SISTEMA DE LOG\u00cdSTICA",
      "codigo": "udra",
      "usr_creacion": null,
      "fec_creacion": null,
      "usr_edicion": null,
      "fec_edicion": null,
      "estado": 1
    }
  },
  {
    "model": "sistemas.sistema",
    "pk": 12,
    "fields": {
      "nombre": "Sistema de Capacitaci\u00f3n",
      "descripcion": "Sistema de Capacitaci\u00f3n",
      "codigo": "capa",
      "usr_creacion": null,
      "fec_creacion": null,
      "usr_edicion": null,
      "fec_edicion": null,
      "estado": 1
    }
  },
  {
    "model": "webservices.tipovariable",
    "pk": 1,
    "fields": {
      "nombre": "integer"
    }
  },
  {
    "model": "webservices.tipovariable",
    "pk": 2,
    "fields": {
      "nombre": "string"
    }
  },
  {
    "model": "webservices.tipovariable",
    "pk": 3,
    "fields": {
      "nombre": "boolean"
    }
  },
  {
    "model": "webservices.parameter",
    "pk": 1,
    "fields": {
      "nombre": "codigoproyectosistema",
      "descripcion": "Codigo Unico identificador registrado en el Proyecto Sistema",
      "tipovariable": 2,
      "parameterexample": "cpvseguridad"
    }
  },
  {
    "model": "webservices.parameter",
    "pk": 2,
    "fields": {
      "nombre": "rol",
      "descripcion": "Codigo \u00fanico identificador registrado en el Rol.",
      "tipovariable": 2,
      "parameterexample": "adm001"
    }
  },
  {
    "model": "webservices.parameter",
    "pk": 3,
    "fields": {
      "nombre": "idusuario",
      "descripcion": "Codigo \u00fanico identificador generador en la creaci\u00f3n de Usuarios",
      "tipovariable": 1,
      "parameterexample": "1"
    }
  },
  {
    "model": "webservices.parameter",
    "pk": 4,
    "fields": {
      "nombre": "dni",
      "descripcion": "DNI de un usuario registrado, el dni es \u00fanico.",
      "tipovariable": 1,
      "parameterexample": "72188059"
    }
  },
  {
    "model": "webservices.parameter",
    "pk": 5,
    "fields": {
      "nombre": "proyecto",
      "descripcion": "Proyecto",
      "tipovariable": 1,
      "parameterexample": "1"
    }
  },
  {
    "model": "webservices.webservice",
    "pk": 1,
    "fields": {
      "nombre": "Menu por Proyecto Sistema",
      "descripcion": "Menu(sidebar)recursivo por Proyecto y Sistema. ",
      "httpmethod": "GET",
      "url": "menubyproyectosistema"
    }
  },
  {
    "model": "webservices.webservice",
    "pk": 2,
    "fields": {
      "nombre": "Menu segun Rol y Proyecto Sistema",
      "descripcion": "Menu segun Rol y Proyecto Sistema",
      "httpmethod": "GET",
      "url": "menubyrol_proyectosistema"
    }
  },
  {
    "model": "webservices.webservice",
    "pk": 3,
    "fields": {
      "nombre": "Informaci\u00f3n de Usuario",
      "descripcion": "Informaci\u00f3n completa segun codigo de usuario",
      "httpmethod": "GET",
      "url": "infouser"
    }
  },
  {
    "model": "webservices.webservice",
    "pk": 4,
    "fields": {
      "nombre": "Usuarios seg\u00fan Rol",
      "descripcion": "Lista de usuarios de un rol en especifico.",
      "httpmethod": "GET",
      "url": "userbyrol"
    }
  },
  {
    "model": "webservices.webservice",
    "pk": 7,
    "fields": {
      "nombre": "Lista de Proyectos seg\u00fan usuario",
      "descripcion": "Lista de proyectos al cual tiene acceso un usuario",
      "httpmethod": "GET",
      "url": "proyectoslist"
    }
  },
  {
    "model": "webservices.webservice",
    "pk": 8,
    "fields": {
      "nombre": "Lista de Sistemas por Proyecto seg\u00fan usuario",
      "descripcion": "Lista de sistemas por proyecto",
      "httpmethod": "GET",
      "url": "sistemasbyproyectolist"
    }
  },
  {
    "model": "webservices.webservice",
    "pk": 9,
    "fields": {
      "nombre": "Lista de usuarios seg\u00fan proyecto sistema",
      "descripcion": "Lista de usuarios seg\u00fan proyecto sistema",
      "httpmethod": "GET",
      "url": "userbyproyectosistema"
    }
  },
  {
    "model": "webservices.webserviceparameters",
    "pk": 1,
    "fields": {
      "webservice": 1,
      "parameter": 1
    }
  },
  {
    "model": "webservices.webserviceparameters",
    "pk": 2,
    "fields": {
      "webservice": 2,
      "parameter": 1
    }
  },
  {
    "model": "webservices.webserviceparameters",
    "pk": 3,
    "fields": {
      "webservice": 2,
      "parameter": 2
    }
  },
  {
    "model": "webservices.webserviceparameters",
    "pk": 4,
    "fields": {
      "webservice": 3,
      "parameter": 3
    }
  },
  {
    "model": "webservices.webserviceparameters",
    "pk": 5,
    "fields": {
      "webservice": 2,
      "parameter": 4
    }
  },
  {
    "model": "webservices.webserviceparameters",
    "pk": 6,
    "fields": {
      "webservice": 8,
      "parameter": 3
    }
  },
  {
    "model": "webservices.webserviceparameters",
    "pk": 7,
    "fields": {
      "webservice": 8,
      "parameter": 5
    }
  },
  {
    "model": "webservices.webserviceparameters",
    "pk": 8,
    "fields": {
      "webservice": 7,
      "parameter": 3
    }
  },
  {
    "model": "webservices.webserviceparameters",
    "pk": 9,
    "fields": {
      "webservice": 9,
      "parameter": 1
    }
  },
  {
    "model": "webservices.webserviceparameters",
    "pk": 10,
    "fields": {
      "webservice": 4,
      "parameter": 2
    }
  },
  {
    "model": "auth.permission",
    "pk": 1,
    "fields": {
      "name": "Can add log entry",
      "content_type": 1,
      "codename": "add_logentry"
    }
  },
  {
    "model": "auth.permission",
    "pk": 2,
    "fields": {
      "name": "Can change log entry",
      "content_type": 1,
      "codename": "change_logentry"
    }
  },
  {
    "model": "auth.permission",
    "pk": 3,
    "fields": {
      "name": "Can delete log entry",
      "content_type": 1,
      "codename": "delete_logentry"
    }
  },
  {
    "model": "auth.permission",
    "pk": 4,
    "fields": {
      "name": "Can add permission",
      "content_type": 2,
      "codename": "add_permission"
    }
  },
  {
    "model": "auth.permission",
    "pk": 5,
    "fields": {
      "name": "Can change permission",
      "content_type": 2,
      "codename": "change_permission"
    }
  },
  {
    "model": "auth.permission",
    "pk": 6,
    "fields": {
      "name": "Can delete permission",
      "content_type": 2,
      "codename": "delete_permission"
    }
  },
  {
    "model": "auth.permission",
    "pk": 7,
    "fields": {
      "name": "Can add user",
      "content_type": 3,
      "codename": "add_user"
    }
  },
  {
    "model": "auth.permission",
    "pk": 8,
    "fields": {
      "name": "Can change user",
      "content_type": 3,
      "codename": "change_user"
    }
  },
  {
    "model": "auth.permission",
    "pk": 9,
    "fields": {
      "name": "Can delete user",
      "content_type": 3,
      "codename": "delete_user"
    }
  },
  {
    "model": "auth.permission",
    "pk": 10,
    "fields": {
      "name": "Can add group",
      "content_type": 4,
      "codename": "add_group"
    }
  },
  {
    "model": "auth.permission",
    "pk": 11,
    "fields": {
      "name": "Can change group",
      "content_type": 4,
      "codename": "change_group"
    }
  },
  {
    "model": "auth.permission",
    "pk": 12,
    "fields": {
      "name": "Can delete group",
      "content_type": 4,
      "codename": "delete_group"
    }
  },
  {
    "model": "auth.permission",
    "pk": 13,
    "fields": {
      "name": "Can add content type",
      "content_type": 5,
      "codename": "add_contenttype"
    }
  },
  {
    "model": "auth.permission",
    "pk": 14,
    "fields": {
      "name": "Can change content type",
      "content_type": 5,
      "codename": "change_contenttype"
    }
  },
  {
    "model": "auth.permission",
    "pk": 15,
    "fields": {
      "name": "Can delete content type",
      "content_type": 5,
      "codename": "delete_contenttype"
    }
  },
  {
    "model": "auth.permission",
    "pk": 16,
    "fields": {
      "name": "Can add session",
      "content_type": 6,
      "codename": "add_session"
    }
  },
  {
    "model": "auth.permission",
    "pk": 17,
    "fields": {
      "name": "Can change session",
      "content_type": 6,
      "codename": "change_session"
    }
  },
  {
    "model": "auth.permission",
    "pk": 18,
    "fields": {
      "name": "Can delete session",
      "content_type": 6,
      "codename": "delete_session"
    }
  },
  {
    "model": "auth.permission",
    "pk": 19,
    "fields": {
      "name": "Can add modulo rol permisos",
      "content_type": 7,
      "codename": "add_modulorolpermisos"
    }
  },
  {
    "model": "auth.permission",
    "pk": 20,
    "fields": {
      "name": "Can change modulo rol permisos",
      "content_type": 7,
      "codename": "change_modulorolpermisos"
    }
  },
  {
    "model": "auth.permission",
    "pk": 21,
    "fields": {
      "name": "Can delete modulo rol permisos",
      "content_type": 7,
      "codename": "delete_modulorolpermisos"
    }
  },
  {
    "model": "auth.permission",
    "pk": 22,
    "fields": {
      "name": "Can add tipo usuario",
      "content_type": 8,
      "codename": "add_tipousuario"
    }
  },
  {
    "model": "auth.permission",
    "pk": 23,
    "fields": {
      "name": "Can change tipo usuario",
      "content_type": 8,
      "codename": "change_tipousuario"
    }
  },
  {
    "model": "auth.permission",
    "pk": 24,
    "fields": {
      "name": "Can delete tipo usuario",
      "content_type": 8,
      "codename": "delete_tipousuario"
    }
  },
  {
    "model": "auth.permission",
    "pk": 25,
    "fields": {
      "name": "Can add proyecto sistema",
      "content_type": 9,
      "codename": "add_proyectosistema"
    }
  },
  {
    "model": "auth.permission",
    "pk": 26,
    "fields": {
      "name": "Can change proyecto sistema",
      "content_type": 9,
      "codename": "change_proyectosistema"
    }
  },
  {
    "model": "auth.permission",
    "pk": 27,
    "fields": {
      "name": "Can delete proyecto sistema",
      "content_type": 9,
      "codename": "delete_proyectosistema"
    }
  },
  {
    "model": "auth.permission",
    "pk": 28,
    "fields": {
      "name": "Can add administradores proyecto sistema",
      "content_type": 10,
      "codename": "add_administradoresproyectosistema"
    }
  },
  {
    "model": "auth.permission",
    "pk": 29,
    "fields": {
      "name": "Can change administradores proyecto sistema",
      "content_type": 10,
      "codename": "change_administradoresproyectosistema"
    }
  },
  {
    "model": "auth.permission",
    "pk": 30,
    "fields": {
      "name": "Can delete administradores proyecto sistema",
      "content_type": 10,
      "codename": "delete_administradoresproyectosistema"
    }
  },
  {
    "model": "auth.permission",
    "pk": 31,
    "fields": {
      "name": "Can add usuario",
      "content_type": 11,
      "codename": "add_usuario"
    }
  },
  {
    "model": "auth.permission",
    "pk": 32,
    "fields": {
      "name": "Can change usuario",
      "content_type": 11,
      "codename": "change_usuario"
    }
  },
  {
    "model": "auth.permission",
    "pk": 33,
    "fields": {
      "name": "Can delete usuario",
      "content_type": 11,
      "codename": "delete_usuario"
    }
  },
  {
    "model": "auth.permission",
    "pk": 34,
    "fields": {
      "name": "Can add proyecto",
      "content_type": 12,
      "codename": "add_proyecto"
    }
  },
  {
    "model": "auth.permission",
    "pk": 35,
    "fields": {
      "name": "Can change proyecto",
      "content_type": 12,
      "codename": "change_proyecto"
    }
  },
  {
    "model": "auth.permission",
    "pk": 36,
    "fields": {
      "name": "Can delete proyecto",
      "content_type": 12,
      "codename": "delete_proyecto"
    }
  },
  {
    "model": "auth.permission",
    "pk": 37,
    "fields": {
      "name": "Can add proyectos siga",
      "content_type": 13,
      "codename": "add_proyectossiga"
    }
  },
  {
    "model": "auth.permission",
    "pk": 38,
    "fields": {
      "name": "Can change proyectos siga",
      "content_type": 13,
      "codename": "change_proyectossiga"
    }
  },
  {
    "model": "auth.permission",
    "pk": 39,
    "fields": {
      "name": "Can delete proyectos siga",
      "content_type": 13,
      "codename": "delete_proyectossiga"
    }
  },
  {
    "model": "auth.permission",
    "pk": 40,
    "fields": {
      "name": "Can add modulo rol",
      "content_type": 14,
      "codename": "add_modulorol"
    }
  },
  {
    "model": "auth.permission",
    "pk": 41,
    "fields": {
      "name": "Can change modulo rol",
      "content_type": 14,
      "codename": "change_modulorol"
    }
  },
  {
    "model": "auth.permission",
    "pk": 42,
    "fields": {
      "name": "Can delete modulo rol",
      "content_type": 14,
      "codename": "delete_modulorol"
    }
  },
  {
    "model": "auth.permission",
    "pk": 43,
    "fields": {
      "name": "Can add usuarios online",
      "content_type": 15,
      "codename": "add_usuariosonline"
    }
  },
  {
    "model": "auth.permission",
    "pk": 44,
    "fields": {
      "name": "Can change usuarios online",
      "content_type": 15,
      "codename": "change_usuariosonline"
    }
  },
  {
    "model": "auth.permission",
    "pk": 45,
    "fields": {
      "name": "Can delete usuarios online",
      "content_type": 15,
      "codename": "delete_usuariosonline"
    }
  },
  {
    "model": "auth.permission",
    "pk": 46,
    "fields": {
      "name": "Can add modulo",
      "content_type": 16,
      "codename": "add_modulo"
    }
  },
  {
    "model": "auth.permission",
    "pk": 47,
    "fields": {
      "name": "Can change modulo",
      "content_type": 16,
      "codename": "change_modulo"
    }
  },
  {
    "model": "auth.permission",
    "pk": 48,
    "fields": {
      "name": "Can delete modulo",
      "content_type": 16,
      "codename": "delete_modulo"
    }
  },
  {
    "model": "auth.permission",
    "pk": 49,
    "fields": {
      "name": "Can add permiso",
      "content_type": 17,
      "codename": "add_permiso"
    }
  },
  {
    "model": "auth.permission",
    "pk": 50,
    "fields": {
      "name": "Can change permiso",
      "content_type": 17,
      "codename": "change_permiso"
    }
  },
  {
    "model": "auth.permission",
    "pk": 51,
    "fields": {
      "name": "Can delete permiso",
      "content_type": 17,
      "codename": "delete_permiso"
    }
  },
  {
    "model": "auth.permission",
    "pk": 52,
    "fields": {
      "name": "Can add rol",
      "content_type": 18,
      "codename": "add_rol"
    }
  },
  {
    "model": "auth.permission",
    "pk": 53,
    "fields": {
      "name": "Can change rol",
      "content_type": 18,
      "codename": "change_rol"
    }
  },
  {
    "model": "auth.permission",
    "pk": 54,
    "fields": {
      "name": "Can delete rol",
      "content_type": 18,
      "codename": "delete_rol"
    }
  },
  {
    "model": "auth.permission",
    "pk": 55,
    "fields": {
      "name": "Can add sistema",
      "content_type": 19,
      "codename": "add_sistema"
    }
  },
  {
    "model": "auth.permission",
    "pk": 56,
    "fields": {
      "name": "Can change sistema",
      "content_type": 19,
      "codename": "change_sistema"
    }
  },
  {
    "model": "auth.permission",
    "pk": 57,
    "fields": {
      "name": "Can delete sistema",
      "content_type": 19,
      "codename": "delete_sistema"
    }
  },
  {
    "model": "auth.permission",
    "pk": 58,
    "fields": {
      "name": "Can add tipo variable",
      "content_type": 20,
      "codename": "add_tipovariable"
    }
  },
  {
    "model": "auth.permission",
    "pk": 59,
    "fields": {
      "name": "Can change tipo variable",
      "content_type": 20,
      "codename": "change_tipovariable"
    }
  },
  {
    "model": "auth.permission",
    "pk": 60,
    "fields": {
      "name": "Can delete tipo variable",
      "content_type": 20,
      "codename": "delete_tipovariable"
    }
  },
  {
    "model": "auth.permission",
    "pk": 61,
    "fields": {
      "name": "Can add web service parameters",
      "content_type": 21,
      "codename": "add_webserviceparameters"
    }
  },
  {
    "model": "auth.permission",
    "pk": 62,
    "fields": {
      "name": "Can change web service parameters",
      "content_type": 21,
      "codename": "change_webserviceparameters"
    }
  },
  {
    "model": "auth.permission",
    "pk": 63,
    "fields": {
      "name": "Can delete web service parameters",
      "content_type": 21,
      "codename": "delete_webserviceparameters"
    }
  },
  {
    "model": "auth.permission",
    "pk": 64,
    "fields": {
      "name": "Can add web service",
      "content_type": 22,
      "codename": "add_webservice"
    }
  },
  {
    "model": "auth.permission",
    "pk": 65,
    "fields": {
      "name": "Can change web service",
      "content_type": 22,
      "codename": "change_webservice"
    }
  },
  {
    "model": "auth.permission",
    "pk": 66,
    "fields": {
      "name": "Can delete web service",
      "content_type": 22,
      "codename": "delete_webservice"
    }
  },
  {
    "model": "auth.permission",
    "pk": 67,
    "fields": {
      "name": "Can add parameter",
      "content_type": 23,
      "codename": "add_parameter"
    }
  },
  {
    "model": "auth.permission",
    "pk": 68,
    "fields": {
      "name": "Can change parameter",
      "content_type": 23,
      "codename": "change_parameter"
    }
  },
  {
    "model": "auth.permission",
    "pk": 69,
    "fields": {
      "name": "Can delete parameter",
      "content_type": 23,
      "codename": "delete_parameter"
    }
  },
  {
    "model": "auth.user",
    "pk": 1,
    "fields": {
      "password": "pbkdf2_sha256$36000$Fi9peXUEqsIP$QjT88T99dLerch6zi4NgljNXSDxIrWwy5KAnS72n8v8=",
      "last_login": "2017-05-22T05:53:27.539Z",
      "is_superuser": true,
      "username": "lfarfan",
      "first_name": "",
      "last_name": "",
      "email": "lucho.farfan9@gmail.com",
      "is_staff": true,
      "is_active": true,
      "date_joined": "2017-01-19T23:29:20.543Z",
      "groups": [],
      "user_permissions": []
    }
  },
  {
    "model": "admin.logentry",
    "pk": 1,
    "fields": {
      "action_time": "2017-05-22T05:45:10.023Z",
      "user": 1,
      "content_type": 11,
      "object_id": "33",
      "object_repr": "Usuario object",
      "action_flag": 2,
      "change_message": "[{\"changed\": {\"fields\": [\"ccdd\", \"ccpp\", \"ccdi\"]}}]"
    }
  },
  {
    "model": "admin.logentry",
    "pk": 2,
    "fields": {
      "action_time": "2017-05-22T05:53:39.800Z",
      "user": 1,
      "content_type": 11,
      "object_id": "33",
      "object_repr": "Usuario object",
      "action_flag": 2,
      "change_message": "[{\"changed\": {\"fields\": [\"ccdi\"]}}]"
    }
  }
]