[{"model": "auth.user", "pk": 1, "fields": {"password": "pbkdf2_sha256$30000$49xPRKnkENOH$QlCIL9IRXKn4CEeZwGmPIKZfdW5aScXiLxl6JL2Qsbk=", "last_login": "2017-05-22T13:58:38.441Z", "is_superuser": true, "username": "lfarfan", "first_name": "", "last_name": "", "email": "lucho.farfan9@gmail.com", "is_staff": true, "is_active": true, "date_joined": "2017-01-19T23:29:20.543Z", "groups": [], "user_permissions": []}}, {"model": "sessions.session", "pk": "008d03l2xp7xqmaa6k3mto2xno1lrkhh", "fields": {"session_data": "NmY4YzQ2ZDNjZDgyYjA2NjBmYTE0ZmYxNDRkNzhkMDBiNzU4ODllYTp7InNlZ3VyaWRhZHVybCI6Imh0dHA6Ly8xOTIuMTY4LjIwMC4xMjM6ODA4MCIsInVzZXIiOnsiaWQiOjEsInJvbCI6eyJpZCI6MSwibm9tYnJlIjoiQWRtaW5pc3RyYWRvciIsImRlc2NyaXBjaW9uIjoiQWRtaW5pc3RyYWRvciBkZWwgTW9kdWxvIGRlIFNlZ3VyaWRhZCIsImNvZGlnbyI6ImFkbSIsInVzcl9jcmVhY2lvbiI6IiIsImZlY19jcmVhY2lvbiI6bnVsbCwidXNyX2VkaWNpb24iOiIiLCJmZWNfZWRpY2lvbiI6bnVsbH0sInRpcG91c3VhcmlvIjp7ImlkIjoyLCJub21icmUiOiJDQVMiLCJkZXNjcmlwY2lvbiI6IkNBUyJ9LCJkbmkiOiI3MjE4ODA1OSIsImFwZV9wYXQiOiJGYXJmXHUwMGUxbiIsImFwZV9tYXQiOiJNZWxnYXIiLCJub21icmUiOiJMdWlzIEVkdWFyZG8iLCJmZWNoYV9jb250cmF0b19pbmljaW8iOiIyMDE1LTEwLTE1IiwiZmVjaGFfY29udHJhdG9fZXh0ZW5kZWQiOiIiLCJmZWNoYV9jb250cmF0b19maW4iOiIyMDE3LTAxLTE5IiwiZmVjaGFfbmFjaW1pZW50byI6IjE5OTMtMDgtMTQiLCJlbWFpbF9pbnN0IjoibHVpcy5mYXJmYW5AaW5laS5nb2IucGUiLCJlbWFpbF9wZXJzb25hbCI6Imx1Y2hvLmZhcmZhbjlAZ21haWwuY29tIiwidXN1YXJpbyI6ImxmYXJmYW4iLCJjbGF2ZSI6Imx1aXMxMjMiLCJ1c3JfY3JlYWNpb24iOiIiLCJmZWNfY3JlYWNpb24iOm51bGwsInVzcl9lZGljaW9uIjoiIiwiZmVjX2VkaWNpb24iOm51bGwsImFjdGl2byI6MSwiY2NkZCI6bnVsbCwiY2NwcCI6bnVsbCwiY2NkaSI6bnVsbCwiem9uYSI6bnVsbCwiYWRtaW5pc3RyYWRvciI6eyJwcm95ZWN0b3MiOltdLCJwcm95ZWN0b3NzaXN0ZW1hcyI6W119fX0=", "expire_date": "2017-06-05T23:27:53.316Z"}}, {"model": "sessions.session", "pk": "0fft5mlrq5f9vquph7pdnqws3pfvl598", "fields": {"session_data": "YzM3NjE0MmY2MmNmZDI3ZTk1MDliYWUxYWFlNWM1ZjlmZTcxMmJjYTp7InNlZ3VyaWRhZHVybCI6Imh0dHA6Ly8xOTIuMTY4LjIwMC4xMjM6ODA4MCIsInVzZXIiOnsiaWQiOjMzLCJyb2wiOnsiaWQiOjMsIm5vbWJyZSI6IkplZmUgRElzdHJpdGFsIiwiZGVzY3JpcGNpb24iOiJKZWZlIERpc3RyaXRhbCIsImNvZGlnbyI6ImplZmVkaXN0IiwidXNyX2NyZWFjaW9uIjoiIiwiZmVjX2NyZWFjaW9uIjpudWxsLCJ1c3JfZWRpY2lvbiI6IiIsImZlY19lZGljaW9uIjpudWxsfSwidGlwb3VzdWFyaW8iOnsiaWQiOjIsIm5vbWJyZSI6IkNBUyIsImRlc2NyaXBjaW9uIjoiQ0FTIn0sImRuaSI6IjcyMTg4MDU5IiwiYXBlX3BhdCI6IlBlcmV6IiwiYXBlX21hdCI6IlBlcmV6Iiwibm9tYnJlIjoiRWxtZXIiLCJmZWNoYV9jb250cmF0b19pbmljaW8iOiIiLCJmZWNoYV9jb250cmF0b19leHRlbmRlZCI6IiIsImZlY2hhX2NvbnRyYXRvX2ZpbiI6IiIsImZlY2hhX25hY2ltaWVudG8iOiIiLCJlbWFpbF9pbnN0IjoiZXBlcmV6QGluZWkuZ29iLnBlIiwiZW1haWxfcGVyc29uYWwiOiJlcGVyZXpAZ21haWwuY29tIiwidXN1YXJpbyI6ImVwZXJleiIsImNsYXZlIjoiZXBlcmV6IiwidXNyX2NyZWFjaW9uIjoiIiwiZmVjX2NyZWFjaW9uIjpudWxsLCJ1c3JfZWRpY2lvbiI6IiIsImZlY19lZGljaW9uIjpudWxsLCJhY3Rpdm8iOjEsImNjZGQiOiIxNSIsImNjcHAiOiIwMSIsImNjZGkiOiIyNSIsInpvbmEiOiIifX0=", "expire_date": "2017-06-05T20:00:10.740Z"}}, {"model": "sessions.session", "pk": "0kxilfoivav3uwpe36uwmplnmau9u29s", "fields": {"session_data": "YzM3NjE0MmY2MmNmZDI3ZTk1MDliYWUxYWFlNWM1ZjlmZTcxMmJjYTp7InNlZ3VyaWRhZHVybCI6Imh0dHA6Ly8xOTIuMTY4LjIwMC4xMjM6ODA4MCIsInVzZXIiOnsiaWQiOjMzLCJyb2wiOnsiaWQiOjMsIm5vbWJyZSI6IkplZmUgRElzdHJpdGFsIiwiZGVzY3JpcGNpb24iOiJKZWZlIERpc3RyaXRhbCIsImNvZGlnbyI6ImplZmVkaXN0IiwidXNyX2NyZWFjaW9uIjoiIiwiZmVjX2NyZWFjaW9uIjpudWxsLCJ1c3JfZWRpY2lvbiI6IiIsImZlY19lZGljaW9uIjpudWxsfSwidGlwb3VzdWFyaW8iOnsiaWQiOjIsIm5vbWJyZSI6IkNBUyIsImRlc2NyaXBjaW9uIjoiQ0FTIn0sImRuaSI6IjcyMTg4MDU5IiwiYXBlX3BhdCI6IlBlcmV6IiwiYXBlX21hdCI6IlBlcmV6Iiwibm9tYnJlIjoiRWxtZXIiLCJmZWNoYV9jb250cmF0b19pbmljaW8iOiIiLCJmZWNoYV9jb250cmF0b19leHRlbmRlZCI6IiIsImZlY2hhX2NvbnRyYXRvX2ZpbiI6IiIsImZlY2hhX25hY2ltaWVudG8iOiIiLCJlbWFpbF9pbnN0IjoiZXBlcmV6QGluZWkuZ29iLnBlIiwiZW1haWxfcGVyc29uYWwiOiJlcGVyZXpAZ21haWwuY29tIiwidXN1YXJpbyI6ImVwZXJleiIsImNsYXZlIjoiZXBlcmV6IiwidXNyX2NyZWFjaW9uIjoiIiwiZmVjX2NyZWFjaW9uIjpudWxsLCJ1c3JfZWRpY2lvbiI6IiIsImZlY19lZGljaW9uIjpudWxsLCJhY3Rpdm8iOjEsImNjZGQiOiIxNSIsImNjcHAiOiIwMSIsImNjZGkiOiIyNSIsInpvbmEiOiIifX0=", "expire_date": "2017-06-05T23:45:38.206Z"}}, {"model": "sessions.session", "pk": "158n5u7i2vm4i68xxubr9ys290jdr7dl", "fields": {"session_data": "Njk0OTZhYjUzNzBkZjIxZTY5NGJiMDQxYmQwYzEwNTU4YjZiZDY5MTp7InNlZ3VyaWRhZHVybCI6Imh0dHA6Ly8xOTIuMTY4LjIwMC4xMjM6ODA4MCIsInVzZXIiOnsiaWQiOjM1LCJyb2wiOnsiaWQiOjksIm5vbWJyZSI6IkFuYWxpc3RhICBkZSBjYWxpZGFkIiwiZGVzY3JpcGNpb24iOiJFdmFsdWFjaW9uIGRlIGxvY2FsZXMgeSBhdWxhcyIsImNvZGlnbyI6ImFuYWNhbCIsInVzcl9jcmVhY2lvbiI6bnVsbCwiZmVjX2NyZWFjaW9uIjpudWxsLCJ1c3JfZWRpY2lvbiI6bnVsbCwiZmVjX2VkaWNpb24iOm51bGx9LCJ0aXBvdXN1YXJpbyI6eyJpZCI6Mywibm9tYnJlIjoiTE9DQUNJXHUwMGQzTiIsImRlc2NyaXBjaW9uIjoiTE9DQUNJXHUwMGQzTiJ9LCJkbmkiOiI0NTIwMjQ3NCIsImFwZV9wYXQiOiJhemFcdTAwZjFhIiwiYXBlX21hdCI6InBlcmV6Iiwibm9tYnJlIjoia2FyZW4iLCJmZWNoYV9jb250cmF0b19pbmljaW8iOiIyMDE3LTA1LTAxIiwiZmVjaGFfY29udHJhdG9fZXh0ZW5kZWQiOiIiLCJmZWNoYV9jb250cmF0b19maW4iOiIyMDE4LTA1LTAxIiwiZmVjaGFfbmFjaW1pZW50byI6bnVsbCwiZW1haWxfaW5zdCI6IiIsImVtYWlsX3BlcnNvbmFsIjoiIiwidXN1YXJpbyI6ImthemFcdTAwZjFhIiwiY2xhdmUiOiIxMjM0NTYiLCJ1c3JfY3JlYWNpb24iOm51bGwsImZlY19jcmVhY2lvbiI6bnVsbCwidXNyX2VkaWNpb24iOm51bGwsImZlY19lZGljaW9uIjpudWxsLCJhY3Rpdm8iOjEsImNjZGQiOiIxNSIsImNjcHAiOiIwMSIsImNjZGkiOiIyNSIsInpvbmEiOm51bGx9fQ==", "expire_date": "2017-06-06T17:24:45.122Z"}}, {"model": "sessions.session", "pk": "1dprnh4b5i2tguhu3obn1c0w5hjha19b", "fields": {"session_data": "ZjZlODRkYmI1NzQyYmRiMjA0MTY5ZWY2OGQ3OTBlNWViMDgyMGRkMzp7InNlZ3VyaWRhZHVybCI6Imh0dHA6Ly8xOTIuMTY4LjIwMC4xMjM6ODA4MCIsInVzZXIiOnsiaWQiOjMzLCJyb2wiOnsiaWQiOjIsIm5vbWJyZSI6IkplZmUgZGUgWm9uYSIsImRlc2NyaXBjaW9uIjoiSmVmZSBkZSBab25hIHBhcmEgZWwgU2lzdGVtYSBkZSBDYXBhY2l0YWNpXHUwMGYzbiIsImNvZGlnbyI6ImplZmV6b25hIiwidXNyX2NyZWFjaW9uIjoiIiwiZmVjX2NyZWFjaW9uIjpudWxsLCJ1c3JfZWRpY2lvbiI6IiIsImZlY19lZGljaW9uIjpudWxsfSwidGlwb3VzdWFyaW8iOnsiaWQiOjIsIm5vbWJyZSI6IkNBUyIsImRlc2NyaXBjaW9uIjoiQ0FTIn0sImRuaSI6IjcyMTg4MDU5IiwiYXBlX3BhdCI6IlBlcmV6IiwiYXBlX21hdCI6IlBlcmV6Iiwibm9tYnJlIjoiRWxtZXIiLCJmZWNoYV9jb250cmF0b19pbmljaW8iOiIiLCJmZWNoYV9jb250cmF0b19leHRlbmRlZCI6IiIsImZlY2hhX2NvbnRyYXRvX2ZpbiI6IiIsImZlY2hhX25hY2ltaWVudG8iOiIiLCJlbWFpbF9pbnN0IjoiZXBlcmV6QGluZWkuZ29iLnBlIiwiZW1haWxfcGVyc29uYWwiOiJlcGVyZXpAZ21haWwuY29tIiwidXN1YXJpbyI6ImVwZXJleiIsImNsYXZlIjoiZXBlcmV6IiwidXNyX2NyZWFjaW9uIjoiIiwiZmVjX2NyZWFjaW9uIjpudWxsLCJ1c3JfZWRpY2lvbiI6IiIsImZlY19lZGljaW9uIjpudWxsLCJhY3Rpdm8iOjEsImNjZGQiOiIxNSIsImNjcHAiOiIwMSIsImNjZGkiOiIyNSIsInpvbmEiOiIifX0=", "expire_date": "2017-06-05T17:57:56.374Z"}}, {"model": "sessions.session", "pk": "1xfq0rn7echfc47uriakt39rny00h3la", "fields": {"session_data": "YjcwNzEwNjBlNzViOWFkZDg2ZmNkOTY0OWMyNTQ2OTU5YTRkZjY4ZTp7InNlZ3VyaWRhZHVybCI6Imh0dHA6Ly8xOTIuMTY4LjIwMC4xMjM6ODA4MCIsInVzZXIiOnsiaWQiOjM0LCJyb2wiOnsiaWQiOjcsIm5vbWJyZSI6IkplZmUgRGlzdHJpdGFsIiwiZGVzY3JpcGNpb24iOiJKZWZlIERpc3RyaXRhbCIsImNvZGlnbyI6ImplZmVkaXN0IiwidXNyX2NyZWFjaW9uIjpudWxsLCJmZWNfY3JlYWNpb24iOm51bGwsInVzcl9lZGljaW9uIjpudWxsLCJmZWNfZWRpY2lvbiI6bnVsbH0sInRpcG91c3VhcmlvIjp7ImlkIjozLCJub21icmUiOiJMT0NBQ0lcdTAwZDNOIiwiZGVzY3JpcGNpb24iOiJMT0NBQ0lcdTAwZDNOIn0sImRuaSI6Ijk5OTk5OTkiLCJhcGVfcGF0IjoiUGFjaGVycmVzIiwiYXBlX21hdCI6IlBhY2hlcnJlcyIsIm5vbWJyZSI6IkxpbGlhbmEiLCJmZWNoYV9jb250cmF0b19pbmljaW8iOiIiLCJmZWNoYV9jb250cmF0b19leHRlbmRlZCI6IiIsImZlY2hhX2NvbnRyYXRvX2ZpbiI6IiIsImZlY2hhX25hY2ltaWVudG8iOm51bGwsImVtYWlsX2luc3QiOiJsaWxpYW5hLnBhY2hlcnJlc0BpbmVpLmdvYi5wZSIsImVtYWlsX3BlcnNvbmFsIjoibGlsaWFuYS5wYWNoZXJyZXNAZ21haWwuY29tIiwidXN1YXJpbyI6InVzZXIxNTAxMjUiLCJjbGF2ZSI6IjEyMzQ1NiIsInVzcl9jcmVhY2lvbiI6bnVsbCwiZmVjX2NyZWFjaW9uIjpudWxsLCJ1c3JfZWRpY2lvbiI6bnVsbCwiZmVjX2VkaWNpb24iOm51bGwsImFjdGl2byI6MSwiY2NkZCI6IjE1IiwiY2NwcCI6IjAxIiwiY2NkaSI6IjI1Iiwiem9uYSI6bnVsbH19", "expire_date": "2017-06-06T15:44:01.223Z"}}, {"model": "sessions.session", "pk": "2kqo7vqwi1l2eirvbuf5ymlyso5fgxzg", "fields": {"session_data": "ZjZlODRkYmI1NzQyYmRiMjA0MTY5ZWY2OGQ3OTBlNWViMDgyMGRkMzp7InNlZ3VyaWRhZHVybCI6Imh0dHA6Ly8xOTIuMTY4LjIwMC4xMjM6ODA4MCIsInVzZXIiOnsiaWQiOjMzLCJyb2wiOnsiaWQiOjIsIm5vbWJyZSI6IkplZmUgZGUgWm9uYSIsImRlc2NyaXBjaW9uIjoiSmVmZSBkZSBab25hIHBhcmEgZWwgU2lzdGVtYSBkZSBDYXBhY2l0YWNpXHUwMGYzbiIsImNvZGlnbyI6ImplZmV6b25hIiwidXNyX2NyZWFjaW9uIjoiIiwiZmVjX2NyZWFjaW9uIjpudWxsLCJ1c3JfZWRpY2lvbiI6IiIsImZlY19lZGljaW9uIjpudWxsfSwidGlwb3VzdWFyaW8iOnsiaWQiOjIsIm5vbWJyZSI6IkNBUyIsImRlc2NyaXBjaW9uIjoiQ0FTIn0sImRuaSI6IjcyMTg4MDU5IiwiYXBlX3BhdCI6IlBlcmV6IiwiYXBlX21hdCI6IlBlcmV6Iiwibm9tYnJlIjoiRWxtZXIiLCJmZWNoYV9jb250cmF0b19pbmljaW8iOiIiLCJmZWNoYV9jb250cmF0b19leHRlbmRlZCI6IiIsImZlY2hhX2NvbnRyYXRvX2ZpbiI6IiIsImZlY2hhX25hY2ltaWVudG8iOiIiLCJlbWFpbF9pbnN0IjoiZXBlcmV6QGluZWkuZ29iLnBlIiwiZW1haWxfcGVyc29uYWwiOiJlcGVyZXpAZ21haWwuY29tIiwidXN1YXJpbyI6ImVwZXJleiIsImNsYXZlIjoiZXBlcmV6IiwidXNyX2NyZWFjaW9uIjoiIiwiZmVjX2NyZWFjaW9uIjpudWxsLCJ1c3JfZWRpY2lvbiI6IiIsImZlY19lZGljaW9uIjpudWxsLCJhY3Rpdm8iOjEsImNjZGQiOiIxNSIsImNjcHAiOiIwMSIsImNjZGkiOiIyNSIsInpvbmEiOiIifX0=", "expire_date": "2017-06-05T15:26:08.676Z"}}, {"model": "sessions.session", "pk": "3meanpuqphb2hs78s7vm8a16cm5jkjjm", "fields": {"session_data": "Y2M2OGE1MjI2YjdkNDAyNjQ3MTE5NDAzMTE0ZDI4ZjJhZDYxMTNjMDp7Ik1PRFVMT19JRCI6MTB9", "expire_date": "2017-06-06T02:36:58.351Z"}}, {"model": "sessions.session", "pk": "42ban4cf92w96gxtg6x6c9dyklxjd2hn", "fields": {"session_data": "ZjZlODRkYmI1NzQyYmRiMjA0MTY5ZWY2OGQ3OTBlNWViMDgyMGRkMzp7InNlZ3VyaWRhZHVybCI6Imh0dHA6Ly8xOTIuMTY4LjIwMC4xMjM6ODA4MCIsInVzZXIiOnsiaWQiOjMzLCJyb2wiOnsiaWQiOjIsIm5vbWJyZSI6IkplZmUgZGUgWm9uYSIsImRlc2NyaXBjaW9uIjoiSmVmZSBkZSBab25hIHBhcmEgZWwgU2lzdGVtYSBkZSBDYXBhY2l0YWNpXHUwMGYzbiIsImNvZGlnbyI6ImplZmV6b25hIiwidXNyX2NyZWFjaW9uIjoiIiwiZmVjX2NyZWFjaW9uIjpudWxsLCJ1c3JfZWRpY2lvbiI6IiIsImZlY19lZGljaW9uIjpudWxsfSwidGlwb3VzdWFyaW8iOnsiaWQiOjIsIm5vbWJyZSI6IkNBUyIsImRlc2NyaXBjaW9uIjoiQ0FTIn0sImRuaSI6IjcyMTg4MDU5IiwiYXBlX3BhdCI6IlBlcmV6IiwiYXBlX21hdCI6IlBlcmV6Iiwibm9tYnJlIjoiRWxtZXIiLCJmZWNoYV9jb250cmF0b19pbmljaW8iOiIiLCJmZWNoYV9jb250cmF0b19leHRlbmRlZCI6IiIsImZlY2hhX2NvbnRyYXRvX2ZpbiI6IiIsImZlY2hhX25hY2ltaWVudG8iOiIiLCJlbWFpbF9pbnN0IjoiZXBlcmV6QGluZWkuZ29iLnBlIiwiZW1haWxfcGVyc29uYWwiOiJlcGVyZXpAZ21haWwuY29tIiwidXN1YXJpbyI6ImVwZXJleiIsImNsYXZlIjoiZXBlcmV6IiwidXNyX2NyZWFjaW9uIjoiIiwiZmVjX2NyZWFjaW9uIjpudWxsLCJ1c3JfZWRpY2lvbiI6IiIsImZlY19lZGljaW9uIjpudWxsLCJhY3Rpdm8iOjEsImNjZGQiOiIxNSIsImNjcHAiOiIwMSIsImNjZGkiOiIyNSIsInpvbmEiOiIifX0=", "expire_date": "2017-06-05T14:31:36.561Z"}}, {"model": "sessions.session", "pk": "4dwno6yet1n2676ocsejlna8rh6ms9fq", "fields": {"session_data": "Y2M2OGE1MjI2YjdkNDAyNjQ3MTE5NDAzMTE0ZDI4ZjJhZDYxMTNjMDp7Ik1PRFVMT19JRCI6MTB9", "expire_date": "2017-06-06T02:46:25.796Z"}}, {"model": "sessions.session", "pk": "4jwqff2fjqjrnvpzen64ndojvb38y5s5", "fields": {"session_data": "YzM3NjE0MmY2MmNmZDI3ZTk1MDliYWUxYWFlNWM1ZjlmZTcxMmJjYTp7InNlZ3VyaWRhZHVybCI6Imh0dHA6Ly8xOTIuMTY4LjIwMC4xMjM6ODA4MCIsInVzZXIiOnsiaWQiOjMzLCJyb2wiOnsiaWQiOjMsIm5vbWJyZSI6IkplZmUgRElzdHJpdGFsIiwiZGVzY3JpcGNpb24iOiJKZWZlIERpc3RyaXRhbCIsImNvZGlnbyI6ImplZmVkaXN0IiwidXNyX2NyZWFjaW9uIjoiIiwiZmVjX2NyZWFjaW9uIjpudWxsLCJ1c3JfZWRpY2lvbiI6IiIsImZlY19lZGljaW9uIjpudWxsfSwidGlwb3VzdWFyaW8iOnsiaWQiOjIsIm5vbWJyZSI6IkNBUyIsImRlc2NyaXBjaW9uIjoiQ0FTIn0sImRuaSI6IjcyMTg4MDU5IiwiYXBlX3BhdCI6IlBlcmV6IiwiYXBlX21hdCI6IlBlcmV6Iiwibm9tYnJlIjoiRWxtZXIiLCJmZWNoYV9jb250cmF0b19pbmljaW8iOiIiLCJmZWNoYV9jb250cmF0b19leHRlbmRlZCI6IiIsImZlY2hhX2NvbnRyYXRvX2ZpbiI6IiIsImZlY2hhX25hY2ltaWVudG8iOiIiLCJlbWFpbF9pbnN0IjoiZXBlcmV6QGluZWkuZ29iLnBlIiwiZW1haWxfcGVyc29uYWwiOiJlcGVyZXpAZ21haWwuY29tIiwidXN1YXJpbyI6ImVwZXJleiIsImNsYXZlIjoiZXBlcmV6IiwidXNyX2NyZWFjaW9uIjoiIiwiZmVjX2NyZWFjaW9uIjpudWxsLCJ1c3JfZWRpY2lvbiI6IiIsImZlY19lZGljaW9uIjpudWxsLCJhY3Rpdm8iOjEsImNjZGQiOiIxNSIsImNjcHAiOiIwMSIsImNjZGkiOiIyNSIsInpvbmEiOiIifX0=", "expire_date": "2017-06-05T23:34:57.830Z"}}, {"model": "sessions.session", "pk": "4kxvyn9rawt4yp23vkj5vefhf3drdvf4", "fields": {"session_data": "Y2M2OGE1MjI2YjdkNDAyNjQ3MTE5NDAzMTE0ZDI4ZjJhZDYxMTNjMDp7Ik1PRFVMT19JRCI6MTB9", "expire_date": "2017-06-06T17:33:41.219Z"}}, {"model": "sessions.session", "pk": "547lnyooup0wkstvq2io7llncnum8flq", "fields": {"session_data": "YWNmODgxZjIwMGZiYTQxNmE4Y2IxMDYyNmQzYTNhYmE0ZmM3NmRjZjp7Ik1PRFVMT19JRCI6MTJ9", "expire_date": "2017-06-05T13:47:26.689Z"}}, {"model": "sessions.session", "pk": "5cbrru9m7gifrj9udwfween8ng1czxad", "fields": {"session_data": "ZjZlODRkYmI1NzQyYmRiMjA0MTY5ZWY2OGQ3OTBlNWViMDgyMGRkMzp7InNlZ3VyaWRhZHVybCI6Imh0dHA6Ly8xOTIuMTY4LjIwMC4xMjM6ODA4MCIsInVzZXIiOnsiaWQiOjMzLCJyb2wiOnsiaWQiOjIsIm5vbWJyZSI6IkplZmUgZGUgWm9uYSIsImRlc2NyaXBjaW9uIjoiSmVmZSBkZSBab25hIHBhcmEgZWwgU2lzdGVtYSBkZSBDYXBhY2l0YWNpXHUwMGYzbiIsImNvZGlnbyI6ImplZmV6b25hIiwidXNyX2NyZWFjaW9uIjoiIiwiZmVjX2NyZWFjaW9uIjpudWxsLCJ1c3JfZWRpY2lvbiI6IiIsImZlY19lZGljaW9uIjpudWxsfSwidGlwb3VzdWFyaW8iOnsiaWQiOjIsIm5vbWJyZSI6IkNBUyIsImRlc2NyaXBjaW9uIjoiQ0FTIn0sImRuaSI6IjcyMTg4MDU5IiwiYXBlX3BhdCI6IlBlcmV6IiwiYXBlX21hdCI6IlBlcmV6Iiwibm9tYnJlIjoiRWxtZXIiLCJmZWNoYV9jb250cmF0b19pbmljaW8iOiIiLCJmZWNoYV9jb250cmF0b19leHRlbmRlZCI6IiIsImZlY2hhX2NvbnRyYXRvX2ZpbiI6IiIsImZlY2hhX25hY2ltaWVudG8iOiIiLCJlbWFpbF9pbnN0IjoiZXBlcmV6QGluZWkuZ29iLnBlIiwiZW1haWxfcGVyc29uYWwiOiJlcGVyZXpAZ21haWwuY29tIiwidXN1YXJpbyI6ImVwZXJleiIsImNsYXZlIjoiZXBlcmV6IiwidXNyX2NyZWFjaW9uIjoiIiwiZmVjX2NyZWFjaW9uIjpudWxsLCJ1c3JfZWRpY2lvbiI6IiIsImZlY19lZGljaW9uIjpudWxsLCJhY3Rpdm8iOjEsImNjZGQiOiIxNSIsImNjcHAiOiIwMSIsImNjZGkiOiIyNSIsInpvbmEiOiIifX0=", "expire_date": "2017-06-05T17:53:38.771Z"}}, {"model": "sessions.session", "pk": "5wsazjyvyt4b4mk11nr8sobkemp8gs1a", "fields": {"session_data": "Y2M2OGE1MjI2YjdkNDAyNjQ3MTE5NDAzMTE0ZDI4ZjJhZDYxMTNjMDp7Ik1PRFVMT19JRCI6MTB9", "expire_date": "2017-06-06T02:19:29.050Z"}}, {"model": "sessions.session", "pk": "6b7ep63oir1b216446x747xb4146l14f", "fields": {"session_data": "YjcwNzEwNjBlNzViOWFkZDg2ZmNkOTY0OWMyNTQ2OTU5YTRkZjY4ZTp7InNlZ3VyaWRhZHVybCI6Imh0dHA6Ly8xOTIuMTY4LjIwMC4xMjM6ODA4MCIsInVzZXIiOnsiaWQiOjM0LCJyb2wiOnsiaWQiOjcsIm5vbWJyZSI6IkplZmUgRGlzdHJpdGFsIiwiZGVzY3JpcGNpb24iOiJKZWZlIERpc3RyaXRhbCIsImNvZGlnbyI6ImplZmVkaXN0IiwidXNyX2NyZWFjaW9uIjpudWxsLCJmZWNfY3JlYWNpb24iOm51bGwsInVzcl9lZGljaW9uIjpudWxsLCJmZWNfZWRpY2lvbiI6bnVsbH0sInRpcG91c3VhcmlvIjp7ImlkIjozLCJub21icmUiOiJMT0NBQ0lcdTAwZDNOIiwiZGVzY3JpcGNpb24iOiJMT0NBQ0lcdTAwZDNOIn0sImRuaSI6Ijk5OTk5OTkiLCJhcGVfcGF0IjoiUGFjaGVycmVzIiwiYXBlX21hdCI6IlBhY2hlcnJlcyIsIm5vbWJyZSI6IkxpbGlhbmEiLCJmZWNoYV9jb250cmF0b19pbmljaW8iOiIiLCJmZWNoYV9jb250cmF0b19leHRlbmRlZCI6IiIsImZlY2hhX2NvbnRyYXRvX2ZpbiI6IiIsImZlY2hhX25hY2ltaWVudG8iOm51bGwsImVtYWlsX2luc3QiOiJsaWxpYW5hLnBhY2hlcnJlc0BpbmVpLmdvYi5wZSIsImVtYWlsX3BlcnNvbmFsIjoibGlsaWFuYS5wYWNoZXJyZXNAZ21haWwuY29tIiwidXN1YXJpbyI6InVzZXIxNTAxMjUiLCJjbGF2ZSI6IjEyMzQ1NiIsInVzcl9jcmVhY2lvbiI6bnVsbCwiZmVjX2NyZWFjaW9uIjpudWxsLCJ1c3JfZWRpY2lvbiI6bnVsbCwiZmVjX2VkaWNpb24iOm51bGwsImFjdGl2byI6MSwiY2NkZCI6IjE1IiwiY2NwcCI6IjAxIiwiY2NkaSI6IjI1Iiwiem9uYSI6bnVsbH19", "expire_date": "2017-06-06T17:16:58.953Z"}}, {"model": "sessions.session", "pk": "6eqj69ggrzvyvz0dh7lz233v1iq3aphd", "fields": {"session_data": "YjcwZTNlNjA4YzM2MDVmNGI2ODQ3MTFjN2I0NzRjYWQxMzJjM2MxZjp7Ik1PRFVMT19JRCI6MTR9", "expire_date": "2017-06-05T17:52:38.103Z"}}, {"model": "sessions.session", "pk": "79tushk0ctgfvk1gzq1fky1uljfnvef4", "fields": {"session_data": "Y2M2OGE1MjI2YjdkNDAyNjQ3MTE5NDAzMTE0ZDI4ZjJhZDYxMTNjMDp7Ik1PRFVMT19JRCI6MTB9", "expire_date": "2017-06-06T17:24:20.418Z"}}, {"model": "sessions.session", "pk": "7agre579ny1enpr92nhxonuxmrui33jg", "fields": {"session_data": "NzRjMWVlYTI4MTk5MzE4OTgxNzliYjBlYzc4ZmJiMmNmYmE4ZTY2NDp7Ik1PRFVMT19JRCI6MTI1fQ==", "expire_date": "2017-06-06T13:46:20.252Z"}}, {"model": "sessions.session", "pk": "7nvs636hm1l8tx232ct58xpi6ab2fhux", "fields": {"session_data": "ZjZlODRkYmI1NzQyYmRiMjA0MTY5ZWY2OGQ3OTBlNWViMDgyMGRkMzp7InNlZ3VyaWRhZHVybCI6Imh0dHA6Ly8xOTIuMTY4LjIwMC4xMjM6ODA4MCIsInVzZXIiOnsiaWQiOjMzLCJyb2wiOnsiaWQiOjIsIm5vbWJyZSI6IkplZmUgZGUgWm9uYSIsImRlc2NyaXBjaW9uIjoiSmVmZSBkZSBab25hIHBhcmEgZWwgU2lzdGVtYSBkZSBDYXBhY2l0YWNpXHUwMGYzbiIsImNvZGlnbyI6ImplZmV6b25hIiwidXNyX2NyZWFjaW9uIjoiIiwiZmVjX2NyZWFjaW9uIjpudWxsLCJ1c3JfZWRpY2lvbiI6IiIsImZlY19lZGljaW9uIjpudWxsfSwidGlwb3VzdWFyaW8iOnsiaWQiOjIsIm5vbWJyZSI6IkNBUyIsImRlc2NyaXBjaW9uIjoiQ0FTIn0sImRuaSI6IjcyMTg4MDU5IiwiYXBlX3BhdCI6IlBlcmV6IiwiYXBlX21hdCI6IlBlcmV6Iiwibm9tYnJlIjoiRWxtZXIiLCJmZWNoYV9jb250cmF0b19pbmljaW8iOiIiLCJmZWNoYV9jb250cmF0b19leHRlbmRlZCI6IiIsImZlY2hhX2NvbnRyYXRvX2ZpbiI6IiIsImZlY2hhX25hY2ltaWVudG8iOiIiLCJlbWFpbF9pbnN0IjoiZXBlcmV6QGluZWkuZ29iLnBlIiwiZW1haWxfcGVyc29uYWwiOiJlcGVyZXpAZ21haWwuY29tIiwidXN1YXJpbyI6ImVwZXJleiIsImNsYXZlIjoiZXBlcmV6IiwidXNyX2NyZWFjaW9uIjoiIiwiZmVjX2NyZWFjaW9uIjpudWxsLCJ1c3JfZWRpY2lvbiI6IiIsImZlY19lZGljaW9uIjpudWxsLCJhY3Rpdm8iOjEsImNjZGQiOiIxNSIsImNjcHAiOiIwMSIsImNjZGkiOiIyNSIsInpvbmEiOiIifX0=", "expire_date": "2017-06-05T14:18:27.669Z"}}, {"model": "sessions.session", "pk": "8nbi237idi5uvwfxstq0riybl1il4j0q", "fields": {"session_data": "NGRkMWJkOGVmOTM3ZjQwNmI4Yzg5MWVlMWFlYjVhNGUyM2I3YTM2NTp7fQ==", "expire_date": "2017-06-05T19:04:13.036Z"}}, {"model": "sessions.session", "pk": "8ytussung2ibsrchm3io9ikqx59940oq", "fields": {"session_data": "ZjZlODRkYmI1NzQyYmRiMjA0MTY5ZWY2OGQ3OTBlNWViMDgyMGRkMzp7InNlZ3VyaWRhZHVybCI6Imh0dHA6Ly8xOTIuMTY4LjIwMC4xMjM6ODA4MCIsInVzZXIiOnsiaWQiOjMzLCJyb2wiOnsiaWQiOjIsIm5vbWJyZSI6IkplZmUgZGUgWm9uYSIsImRlc2NyaXBjaW9uIjoiSmVmZSBkZSBab25hIHBhcmEgZWwgU2lzdGVtYSBkZSBDYXBhY2l0YWNpXHUwMGYzbiIsImNvZGlnbyI6ImplZmV6b25hIiwidXNyX2NyZWFjaW9uIjoiIiwiZmVjX2NyZWFjaW9uIjpudWxsLCJ1c3JfZWRpY2lvbiI6IiIsImZlY19lZGljaW9uIjpudWxsfSwidGlwb3VzdWFyaW8iOnsiaWQiOjIsIm5vbWJyZSI6IkNBUyIsImRlc2NyaXBjaW9uIjoiQ0FTIn0sImRuaSI6IjcyMTg4MDU5IiwiYXBlX3BhdCI6IlBlcmV6IiwiYXBlX21hdCI6IlBlcmV6Iiwibm9tYnJlIjoiRWxtZXIiLCJmZWNoYV9jb250cmF0b19pbmljaW8iOiIiLCJmZWNoYV9jb250cmF0b19leHRlbmRlZCI6IiIsImZlY2hhX2NvbnRyYXRvX2ZpbiI6IiIsImZlY2hhX25hY2ltaWVudG8iOiIiLCJlbWFpbF9pbnN0IjoiZXBlcmV6QGluZWkuZ29iLnBlIiwiZW1haWxfcGVyc29uYWwiOiJlcGVyZXpAZ21haWwuY29tIiwidXN1YXJpbyI6ImVwZXJleiIsImNsYXZlIjoiZXBlcmV6IiwidXNyX2NyZWFjaW9uIjoiIiwiZmVjX2NyZWFjaW9uIjpudWxsLCJ1c3JfZWRpY2lvbiI6IiIsImZlY19lZGljaW9uIjpudWxsLCJhY3Rpdm8iOjEsImNjZGQiOiIxNSIsImNjcHAiOiIwMSIsImNjZGkiOiIyNSIsInpvbmEiOiIifX0=", "expire_date": "2017-06-05T14:11:36.845Z"}}, {"model": "sessions.session", "pk": "9cfiaiiy0v72apke8bzdf2lgcok4ilhv", "fields": {"session_data": "YWNmODgxZjIwMGZiYTQxNmE4Y2IxMDYyNmQzYTNhYmE0ZmM3NmRjZjp7Ik1PRFVMT19JRCI6MTJ9", "expire_date": "2017-06-05T20:41:43.207Z"}}, {"model": "sessions.session", "pk": "9oisyqqfcwkxv3yj2xc5v9y6lp7gy1nc", "fields": {"session_data": "YzM3NjE0MmY2MmNmZDI3ZTk1MDliYWUxYWFlNWM1ZjlmZTcxMmJjYTp7InNlZ3VyaWRhZHVybCI6Imh0dHA6Ly8xOTIuMTY4LjIwMC4xMjM6ODA4MCIsInVzZXIiOnsiaWQiOjMzLCJyb2wiOnsiaWQiOjMsIm5vbWJyZSI6IkplZmUgRElzdHJpdGFsIiwiZGVzY3JpcGNpb24iOiJKZWZlIERpc3RyaXRhbCIsImNvZGlnbyI6ImplZmVkaXN0IiwidXNyX2NyZWFjaW9uIjoiIiwiZmVjX2NyZWFjaW9uIjpudWxsLCJ1c3JfZWRpY2lvbiI6IiIsImZlY19lZGljaW9uIjpudWxsfSwidGlwb3VzdWFyaW8iOnsiaWQiOjIsIm5vbWJyZSI6IkNBUyIsImRlc2NyaXBjaW9uIjoiQ0FTIn0sImRuaSI6IjcyMTg4MDU5IiwiYXBlX3BhdCI6IlBlcmV6IiwiYXBlX21hdCI6IlBlcmV6Iiwibm9tYnJlIjoiRWxtZXIiLCJmZWNoYV9jb250cmF0b19pbmljaW8iOiIiLCJmZWNoYV9jb250cmF0b19leHRlbmRlZCI6IiIsImZlY2hhX2NvbnRyYXRvX2ZpbiI6IiIsImZlY2hhX25hY2ltaWVudG8iOiIiLCJlbWFpbF9pbnN0IjoiZXBlcmV6QGluZWkuZ29iLnBlIiwiZW1haWxfcGVyc29uYWwiOiJlcGVyZXpAZ21haWwuY29tIiwidXN1YXJpbyI6ImVwZXJleiIsImNsYXZlIjoiZXBlcmV6IiwidXNyX2NyZWFjaW9uIjoiIiwiZmVjX2NyZWFjaW9uIjpudWxsLCJ1c3JfZWRpY2lvbiI6IiIsImZlY19lZGljaW9uIjpudWxsLCJhY3Rpdm8iOjEsImNjZGQiOiIxNSIsImNjcHAiOiIwMSIsImNjZGkiOiIyNSIsInpvbmEiOiIifX0=", "expire_date": "2017-06-05T22:31:21.404Z"}}, {"model": "sessions.session", "pk": "9z2y50odv44aostkl7j790d1wgxmrqhq", "fields": {"session_data": "YjcwNzEwNjBlNzViOWFkZDg2ZmNkOTY0OWMyNTQ2OTU5YTRkZjY4ZTp7InNlZ3VyaWRhZHVybCI6Imh0dHA6Ly8xOTIuMTY4LjIwMC4xMjM6ODA4MCIsInVzZXIiOnsiaWQiOjM0LCJyb2wiOnsiaWQiOjcsIm5vbWJyZSI6IkplZmUgRGlzdHJpdGFsIiwiZGVzY3JpcGNpb24iOiJKZWZlIERpc3RyaXRhbCIsImNvZGlnbyI6ImplZmVkaXN0IiwidXNyX2NyZWFjaW9uIjpudWxsLCJmZWNfY3JlYWNpb24iOm51bGwsInVzcl9lZGljaW9uIjpudWxsLCJmZWNfZWRpY2lvbiI6bnVsbH0sInRpcG91c3VhcmlvIjp7ImlkIjozLCJub21icmUiOiJMT0NBQ0lcdTAwZDNOIiwiZGVzY3JpcGNpb24iOiJMT0NBQ0lcdTAwZDNOIn0sImRuaSI6Ijk5OTk5OTkiLCJhcGVfcGF0IjoiUGFjaGVycmVzIiwiYXBlX21hdCI6IlBhY2hlcnJlcyIsIm5vbWJyZSI6IkxpbGlhbmEiLCJmZWNoYV9jb250cmF0b19pbmljaW8iOiIiLCJmZWNoYV9jb250cmF0b19leHRlbmRlZCI6IiIsImZlY2hhX2NvbnRyYXRvX2ZpbiI6IiIsImZlY2hhX25hY2ltaWVudG8iOm51bGwsImVtYWlsX2luc3QiOiJsaWxpYW5hLnBhY2hlcnJlc0BpbmVpLmdvYi5wZSIsImVtYWlsX3BlcnNvbmFsIjoibGlsaWFuYS5wYWNoZXJyZXNAZ21haWwuY29tIiwidXN1YXJpbyI6InVzZXIxNTAxMjUiLCJjbGF2ZSI6IjEyMzQ1NiIsInVzcl9jcmVhY2lvbiI6bnVsbCwiZmVjX2NyZWFjaW9uIjpudWxsLCJ1c3JfZWRpY2lvbiI6bnVsbCwiZmVjX2VkaWNpb24iOm51bGwsImFjdGl2byI6MSwiY2NkZCI6IjE1IiwiY2NwcCI6IjAxIiwiY2NkaSI6IjI1Iiwiem9uYSI6bnVsbH19", "expire_date": "2017-06-06T14:11:10.776Z"}}, {"model": "sessions.session", "pk": "apfnnk1kz3h5xx4dcmghvmnnwbs5kher", "fields": {"session_data": "ZjZlODRkYmI1NzQyYmRiMjA0MTY5ZWY2OGQ3OTBlNWViMDgyMGRkMzp7InNlZ3VyaWRhZHVybCI6Imh0dHA6Ly8xOTIuMTY4LjIwMC4xMjM6ODA4MCIsInVzZXIiOnsiaWQiOjMzLCJyb2wiOnsiaWQiOjIsIm5vbWJyZSI6IkplZmUgZGUgWm9uYSIsImRlc2NyaXBjaW9uIjoiSmVmZSBkZSBab25hIHBhcmEgZWwgU2lzdGVtYSBkZSBDYXBhY2l0YWNpXHUwMGYzbiIsImNvZGlnbyI6ImplZmV6b25hIiwidXNyX2NyZWFjaW9uIjoiIiwiZmVjX2NyZWFjaW9uIjpudWxsLCJ1c3JfZWRpY2lvbiI6IiIsImZlY19lZGljaW9uIjpudWxsfSwidGlwb3VzdWFyaW8iOnsiaWQiOjIsIm5vbWJyZSI6IkNBUyIsImRlc2NyaXBjaW9uIjoiQ0FTIn0sImRuaSI6IjcyMTg4MDU5IiwiYXBlX3BhdCI6IlBlcmV6IiwiYXBlX21hdCI6IlBlcmV6Iiwibm9tYnJlIjoiRWxtZXIiLCJmZWNoYV9jb250cmF0b19pbmljaW8iOiIiLCJmZWNoYV9jb250cmF0b19leHRlbmRlZCI6IiIsImZlY2hhX2NvbnRyYXRvX2ZpbiI6IiIsImZlY2hhX25hY2ltaWVudG8iOiIiLCJlbWFpbF9pbnN0IjoiZXBlcmV6QGluZWkuZ29iLnBlIiwiZW1haWxfcGVyc29uYWwiOiJlcGVyZXpAZ21haWwuY29tIiwidXN1YXJpbyI6ImVwZXJleiIsImNsYXZlIjoiZXBlcmV6IiwidXNyX2NyZWFjaW9uIjoiIiwiZmVjX2NyZWFjaW9uIjpudWxsLCJ1c3JfZWRpY2lvbiI6IiIsImZlY19lZGljaW9uIjpudWxsLCJhY3Rpdm8iOjEsImNjZGQiOiIxNSIsImNjcHAiOiIwMSIsImNjZGkiOiIyNSIsInpvbmEiOiIifX0=", "expire_date": "2017-06-05T14:14:04.474Z"}}, {"model": "sessions.session", "pk": "atnoznoepadhkvdkbhpazfsxprd1pmrm", "fields": {"session_data": "YjcwNzEwNjBlNzViOWFkZDg2ZmNkOTY0OWMyNTQ2OTU5YTRkZjY4ZTp7InNlZ3VyaWRhZHVybCI6Imh0dHA6Ly8xOTIuMTY4LjIwMC4xMjM6ODA4MCIsInVzZXIiOnsiaWQiOjM0LCJyb2wiOnsiaWQiOjcsIm5vbWJyZSI6IkplZmUgRGlzdHJpdGFsIiwiZGVzY3JpcGNpb24iOiJKZWZlIERpc3RyaXRhbCIsImNvZGlnbyI6ImplZmVkaXN0IiwidXNyX2NyZWFjaW9uIjpudWxsLCJmZWNfY3JlYWNpb24iOm51bGwsInVzcl9lZGljaW9uIjpudWxsLCJmZWNfZWRpY2lvbiI6bnVsbH0sInRpcG91c3VhcmlvIjp7ImlkIjozLCJub21icmUiOiJMT0NBQ0lcdTAwZDNOIiwiZGVzY3JpcGNpb24iOiJMT0NBQ0lcdTAwZDNOIn0sImRuaSI6Ijk5OTk5OTkiLCJhcGVfcGF0IjoiUGFjaGVycmVzIiwiYXBlX21hdCI6IlBhY2hlcnJlcyIsIm5vbWJyZSI6IkxpbGlhbmEiLCJmZWNoYV9jb250cmF0b19pbmljaW8iOiIiLCJmZWNoYV9jb250cmF0b19leHRlbmRlZCI6IiIsImZlY2hhX2NvbnRyYXRvX2ZpbiI6IiIsImZlY2hhX25hY2ltaWVudG8iOm51bGwsImVtYWlsX2luc3QiOiJsaWxpYW5hLnBhY2hlcnJlc0BpbmVpLmdvYi5wZSIsImVtYWlsX3BlcnNvbmFsIjoibGlsaWFuYS5wYWNoZXJyZXNAZ21haWwuY29tIiwidXN1YXJpbyI6InVzZXIxNTAxMjUiLCJjbGF2ZSI6IjEyMzQ1NiIsInVzcl9jcmVhY2lvbiI6bnVsbCwiZmVjX2NyZWFjaW9uIjpudWxsLCJ1c3JfZWRpY2lvbiI6bnVsbCwiZmVjX2VkaWNpb24iOm51bGwsImFjdGl2byI6MSwiY2NkZCI6IjE1IiwiY2NwcCI6IjAxIiwiY2NkaSI6IjI1Iiwiem9uYSI6bnVsbH19", "expire_date": "2017-06-06T02:36:58.073Z"}}, {"model": "sessions.session", "pk": "blgfuhsw1g3u32pr42hoc3l6q6qlmndt", "fields": {"session_data": "YjcwZTNlNjA4YzM2MDVmNGI2ODQ3MTFjN2I0NzRjYWQxMzJjM2MxZjp7Ik1PRFVMT19JRCI6MTR9", "expire_date": "2017-06-05T23:22:06.146Z"}}, {"model": "sessions.session", "pk": "blqmk1u07175byn33h58yrou2dfutaz9", "fields": {"session_data": "YjcwNzEwNjBlNzViOWFkZDg2ZmNkOTY0OWMyNTQ2OTU5YTRkZjY4ZTp7InNlZ3VyaWRhZHVybCI6Imh0dHA6Ly8xOTIuMTY4LjIwMC4xMjM6ODA4MCIsInVzZXIiOnsiaWQiOjM0LCJyb2wiOnsiaWQiOjcsIm5vbWJyZSI6IkplZmUgRGlzdHJpdGFsIiwiZGVzY3JpcGNpb24iOiJKZWZlIERpc3RyaXRhbCIsImNvZGlnbyI6ImplZmVkaXN0IiwidXNyX2NyZWFjaW9uIjpudWxsLCJmZWNfY3JlYWNpb24iOm51bGwsInVzcl9lZGljaW9uIjpudWxsLCJmZWNfZWRpY2lvbiI6bnVsbH0sInRpcG91c3VhcmlvIjp7ImlkIjozLCJub21icmUiOiJMT0NBQ0lcdTAwZDNOIiwiZGVzY3JpcGNpb24iOiJMT0NBQ0lcdTAwZDNOIn0sImRuaSI6Ijk5OTk5OTkiLCJhcGVfcGF0IjoiUGFjaGVycmVzIiwiYXBlX21hdCI6IlBhY2hlcnJlcyIsIm5vbWJyZSI6IkxpbGlhbmEiLCJmZWNoYV9jb250cmF0b19pbmljaW8iOiIiLCJmZWNoYV9jb250cmF0b19leHRlbmRlZCI6IiIsImZlY2hhX2NvbnRyYXRvX2ZpbiI6IiIsImZlY2hhX25hY2ltaWVudG8iOm51bGwsImVtYWlsX2luc3QiOiJsaWxpYW5hLnBhY2hlcnJlc0BpbmVpLmdvYi5wZSIsImVtYWlsX3BlcnNvbmFsIjoibGlsaWFuYS5wYWNoZXJyZXNAZ21haWwuY29tIiwidXN1YXJpbyI6InVzZXIxNTAxMjUiLCJjbGF2ZSI6IjEyMzQ1NiIsInVzcl9jcmVhY2lvbiI6bnVsbCwiZmVjX2NyZWFjaW9uIjpudWxsLCJ1c3JfZWRpY2lvbiI6bnVsbCwiZmVjX2VkaWNpb24iOm51bGwsImFjdGl2byI6MSwiY2NkZCI6IjE1IiwiY2NwcCI6IjAxIiwiY2NkaSI6IjI1Iiwiem9uYSI6bnVsbH19", "expire_date": "2017-06-06T16:45:26.493Z"}}, {"model": "sessions.session", "pk": "c2jozdeiqxkfy3zq26q27re3vftbve2s", "fields": {"session_data": "Y2M2OGE1MjI2YjdkNDAyNjQ3MTE5NDAzMTE0ZDI4ZjJhZDYxMTNjMDp7Ik1PRFVMT19JRCI6MTB9", "expire_date": "2017-06-05T23:35:19.255Z"}}, {"model": "sessions.session", "pk": "cb4ow3ne6k7zxjs19im4r9vqt7fzjogt", "fields": {"session_data": "MTJmNTQzZmVjNjI2ZjA5OTNhNDZhMjIyYjI2NGE4OGNlODEyM2VmNjp7InNlZ3VyaWRhZHVybCI6Imh0dHA6Ly8xOTIuMTY4LjIwMC4xMjM6ODA4MCIsInVzZXIiOnsiaWQiOjMzLCJyb2wiOnsiaWQiOjIsIm5vbWJyZSI6IkplZmUgZGUgWm9uYSIsImRlc2NyaXBjaW9uIjoiSmVmZSBkZSBab25hIHBhcmEgZWwgU2lzdGVtYSBkZSBDYXBhY2l0YWNpXHUwMGYzbiIsImNvZGlnbyI6ImplZmV6b25hIiwidXNyX2NyZWFjaW9uIjoiIiwiZmVjX2NyZWFjaW9uIjpudWxsLCJ1c3JfZWRpY2lvbiI6IiIsImZlY19lZGljaW9uIjpudWxsfSwidGlwb3VzdWFyaW8iOnsiaWQiOjIsIm5vbWJyZSI6IkNBUyIsImRlc2NyaXBjaW9uIjoiQ0FTIn0sImRuaSI6IjcyMTg4MDU5IiwiYXBlX3BhdCI6IlBlcmV6IiwiYXBlX21hdCI6IlBlcmV6Iiwibm9tYnJlIjoiRWxtZXIiLCJmZWNoYV9jb250cmF0b19pbmljaW8iOm51bGwsImZlY2hhX2NvbnRyYXRvX2V4dGVuZGVkIjpudWxsLCJmZWNoYV9jb250cmF0b19maW4iOm51bGwsImZlY2hhX25hY2ltaWVudG8iOm51bGwsImVtYWlsX2luc3QiOiJlcGVyZXpAaW5laS5nb2IucGUiLCJlbWFpbF9wZXJzb25hbCI6ImVwZXJlekBnbWFpbC5jb20iLCJ1c3VhcmlvIjoiZXBlcmV6IiwiY2xhdmUiOiJlcGVyZXoiLCJ1c3JfY3JlYWNpb24iOm51bGwsImZlY19jcmVhY2lvbiI6bnVsbCwidXNyX2VkaWNpb24iOm51bGwsImZlY19lZGljaW9uIjpudWxsLCJhY3Rpdm8iOjEsImNjZGQiOiIxNSIsImNjcHAiOiIwMSIsImNjZGkiOiIxMyIsInpvbmEiOm51bGx9fQ==", "expire_date": "2017-06-05T13:46:13.472Z"}}, {"model": "sessions.session", "pk": "ce1fjxx9qhshql9fsf4dmz45kfqefo6s", "fields": {"session_data": "YzM3NjE0MmY2MmNmZDI3ZTk1MDliYWUxYWFlNWM1ZjlmZTcxMmJjYTp7InNlZ3VyaWRhZHVybCI6Imh0dHA6Ly8xOTIuMTY4LjIwMC4xMjM6ODA4MCIsInVzZXIiOnsiaWQiOjMzLCJyb2wiOnsiaWQiOjMsIm5vbWJyZSI6IkplZmUgRElzdHJpdGFsIiwiZGVzY3JpcGNpb24iOiJKZWZlIERpc3RyaXRhbCIsImNvZGlnbyI6ImplZmVkaXN0IiwidXNyX2NyZWFjaW9uIjoiIiwiZmVjX2NyZWFjaW9uIjpudWxsLCJ1c3JfZWRpY2lvbiI6IiIsImZlY19lZGljaW9uIjpudWxsfSwidGlwb3VzdWFyaW8iOnsiaWQiOjIsIm5vbWJyZSI6IkNBUyIsImRlc2NyaXBjaW9uIjoiQ0FTIn0sImRuaSI6IjcyMTg4MDU5IiwiYXBlX3BhdCI6IlBlcmV6IiwiYXBlX21hdCI6IlBlcmV6Iiwibm9tYnJlIjoiRWxtZXIiLCJmZWNoYV9jb250cmF0b19pbmljaW8iOiIiLCJmZWNoYV9jb250cmF0b19leHRlbmRlZCI6IiIsImZlY2hhX2NvbnRyYXRvX2ZpbiI6IiIsImZlY2hhX25hY2ltaWVudG8iOiIiLCJlbWFpbF9pbnN0IjoiZXBlcmV6QGluZWkuZ29iLnBlIiwiZW1haWxfcGVyc29uYWwiOiJlcGVyZXpAZ21haWwuY29tIiwidXN1YXJpbyI6ImVwZXJleiIsImNsYXZlIjoiZXBlcmV6IiwidXNyX2NyZWFjaW9uIjoiIiwiZmVjX2NyZWFjaW9uIjpudWxsLCJ1c3JfZWRpY2lvbiI6IiIsImZlY19lZGljaW9uIjpudWxsLCJhY3Rpdm8iOjEsImNjZGQiOiIxNSIsImNjcHAiOiIwMSIsImNjZGkiOiIyNSIsInpvbmEiOiIifX0=", "expire_date": "2017-06-05T22:29:04.363Z"}}, {"model": "sessions.session", "pk": "cgp3vfqvvinorgqx4idmshbb1l79xmdw", "fields": {"session_data": "NGRkMWJkOGVmOTM3ZjQwNmI4Yzg5MWVlMWFlYjVhNGUyM2I3YTM2NTp7fQ==", "expire_date": "2017-06-05T15:21:04.536Z"}}, {"model": "sessions.session", "pk": "cp269staxplohrpef91pgt40m7x2g97g", "fields": {"session_data": "YzM3NjE0MmY2MmNmZDI3ZTk1MDliYWUxYWFlNWM1ZjlmZTcxMmJjYTp7InNlZ3VyaWRhZHVybCI6Imh0dHA6Ly8xOTIuMTY4LjIwMC4xMjM6ODA4MCIsInVzZXIiOnsiaWQiOjMzLCJyb2wiOnsiaWQiOjMsIm5vbWJyZSI6IkplZmUgRElzdHJpdGFsIiwiZGVzY3JpcGNpb24iOiJKZWZlIERpc3RyaXRhbCIsImNvZGlnbyI6ImplZmVkaXN0IiwidXNyX2NyZWFjaW9uIjoiIiwiZmVjX2NyZWFjaW9uIjpudWxsLCJ1c3JfZWRpY2lvbiI6IiIsImZlY19lZGljaW9uIjpudWxsfSwidGlwb3VzdWFyaW8iOnsiaWQiOjIsIm5vbWJyZSI6IkNBUyIsImRlc2NyaXBjaW9uIjoiQ0FTIn0sImRuaSI6IjcyMTg4MDU5IiwiYXBlX3BhdCI6IlBlcmV6IiwiYXBlX21hdCI6IlBlcmV6Iiwibm9tYnJlIjoiRWxtZXIiLCJmZWNoYV9jb250cmF0b19pbmljaW8iOiIiLCJmZWNoYV9jb250cmF0b19leHRlbmRlZCI6IiIsImZlY2hhX2NvbnRyYXRvX2ZpbiI6IiIsImZlY2hhX25hY2ltaWVudG8iOiIiLCJlbWFpbF9pbnN0IjoiZXBlcmV6QGluZWkuZ29iLnBlIiwiZW1haWxfcGVyc29uYWwiOiJlcGVyZXpAZ21haWwuY29tIiwidXN1YXJpbyI6ImVwZXJleiIsImNsYXZlIjoiZXBlcmV6IiwidXNyX2NyZWFjaW9uIjoiIiwiZmVjX2NyZWFjaW9uIjpudWxsLCJ1c3JfZWRpY2lvbiI6IiIsImZlY19lZGljaW9uIjpudWxsLCJhY3Rpdm8iOjEsImNjZGQiOiIxNSIsImNjcHAiOiIwMSIsImNjZGkiOiIyNSIsInpvbmEiOiIifX0=", "expire_date": "2017-06-05T20:39:06.323Z"}}, {"model": "sessions.session", "pk": "cpfzgzzw8spehfng4wmptdq6dxobrwwo", "fields": {"session_data": "YzM3NjE0MmY2MmNmZDI3ZTk1MDliYWUxYWFlNWM1ZjlmZTcxMmJjYTp7InNlZ3VyaWRhZHVybCI6Imh0dHA6Ly8xOTIuMTY4LjIwMC4xMjM6ODA4MCIsInVzZXIiOnsiaWQiOjMzLCJyb2wiOnsiaWQiOjMsIm5vbWJyZSI6IkplZmUgRElzdHJpdGFsIiwiZGVzY3JpcGNpb24iOiJKZWZlIERpc3RyaXRhbCIsImNvZGlnbyI6ImplZmVkaXN0IiwidXNyX2NyZWFjaW9uIjoiIiwiZmVjX2NyZWFjaW9uIjpudWxsLCJ1c3JfZWRpY2lvbiI6IiIsImZlY19lZGljaW9uIjpudWxsfSwidGlwb3VzdWFyaW8iOnsiaWQiOjIsIm5vbWJyZSI6IkNBUyIsImRlc2NyaXBjaW9uIjoiQ0FTIn0sImRuaSI6IjcyMTg4MDU5IiwiYXBlX3BhdCI6IlBlcmV6IiwiYXBlX21hdCI6IlBlcmV6Iiwibm9tYnJlIjoiRWxtZXIiLCJmZWNoYV9jb250cmF0b19pbmljaW8iOiIiLCJmZWNoYV9jb250cmF0b19leHRlbmRlZCI6IiIsImZlY2hhX2NvbnRyYXRvX2ZpbiI6IiIsImZlY2hhX25hY2ltaWVudG8iOiIiLCJlbWFpbF9pbnN0IjoiZXBlcmV6QGluZWkuZ29iLnBlIiwiZW1haWxfcGVyc29uYWwiOiJlcGVyZXpAZ21haWwuY29tIiwidXN1YXJpbyI6ImVwZXJleiIsImNsYXZlIjoiZXBlcmV6IiwidXNyX2NyZWFjaW9uIjoiIiwiZmVjX2NyZWFjaW9uIjpudWxsLCJ1c3JfZWRpY2lvbiI6IiIsImZlY19lZGljaW9uIjpudWxsLCJhY3Rpdm8iOjEsImNjZGQiOiIxNSIsImNjcHAiOiIwMSIsImNjZGkiOiIyNSIsInpvbmEiOiIifX0=", "expire_date": "2017-06-05T23:38:35.111Z"}}, {"model": "sessions.session", "pk": "cssh7293lbthvo5nfeqg0dhw33mcizwa", "fields": {"session_data": "YzM3NjE0MmY2MmNmZDI3ZTk1MDliYWUxYWFlNWM1ZjlmZTcxMmJjYTp7InNlZ3VyaWRhZHVybCI6Imh0dHA6Ly8xOTIuMTY4LjIwMC4xMjM6ODA4MCIsInVzZXIiOnsiaWQiOjMzLCJyb2wiOnsiaWQiOjMsIm5vbWJyZSI6IkplZmUgRElzdHJpdGFsIiwiZGVzY3JpcGNpb24iOiJKZWZlIERpc3RyaXRhbCIsImNvZGlnbyI6ImplZmVkaXN0IiwidXNyX2NyZWFjaW9uIjoiIiwiZmVjX2NyZWFjaW9uIjpudWxsLCJ1c3JfZWRpY2lvbiI6IiIsImZlY19lZGljaW9uIjpudWxsfSwidGlwb3VzdWFyaW8iOnsiaWQiOjIsIm5vbWJyZSI6IkNBUyIsImRlc2NyaXBjaW9uIjoiQ0FTIn0sImRuaSI6IjcyMTg4MDU5IiwiYXBlX3BhdCI6IlBlcmV6IiwiYXBlX21hdCI6IlBlcmV6Iiwibm9tYnJlIjoiRWxtZXIiLCJmZWNoYV9jb250cmF0b19pbmljaW8iOiIiLCJmZWNoYV9jb250cmF0b19leHRlbmRlZCI6IiIsImZlY2hhX2NvbnRyYXRvX2ZpbiI6IiIsImZlY2hhX25hY2ltaWVudG8iOiIiLCJlbWFpbF9pbnN0IjoiZXBlcmV6QGluZWkuZ29iLnBlIiwiZW1haWxfcGVyc29uYWwiOiJlcGVyZXpAZ21haWwuY29tIiwidXN1YXJpbyI6ImVwZXJleiIsImNsYXZlIjoiZXBlcmV6IiwidXNyX2NyZWFjaW9uIjoiIiwiZmVjX2NyZWFjaW9uIjpudWxsLCJ1c3JfZWRpY2lvbiI6IiIsImZlY19lZGljaW9uIjpudWxsLCJhY3Rpdm8iOjEsImNjZGQiOiIxNSIsImNjcHAiOiIwMSIsImNjZGkiOiIyNSIsInpvbmEiOiIifX0=", "expire_date": "2017-06-05T22:20:34.605Z"}}, {"model": "sessions.session", "pk": "cy7t9kdarq3pqu5oogj1ksfkqvq3cmiu", "fields": {"session_data": "YjcwNzEwNjBlNzViOWFkZDg2ZmNkOTY0OWMyNTQ2OTU5YTRkZjY4ZTp7InNlZ3VyaWRhZHVybCI6Imh0dHA6Ly8xOTIuMTY4LjIwMC4xMjM6ODA4MCIsInVzZXIiOnsiaWQiOjM0LCJyb2wiOnsiaWQiOjcsIm5vbWJyZSI6IkplZmUgRGlzdHJpdGFsIiwiZGVzY3JpcGNpb24iOiJKZWZlIERpc3RyaXRhbCIsImNvZGlnbyI6ImplZmVkaXN0IiwidXNyX2NyZWFjaW9uIjpudWxsLCJmZWNfY3JlYWNpb24iOm51bGwsInVzcl9lZGljaW9uIjpudWxsLCJmZWNfZWRpY2lvbiI6bnVsbH0sInRpcG91c3VhcmlvIjp7ImlkIjozLCJub21icmUiOiJMT0NBQ0lcdTAwZDNOIiwiZGVzY3JpcGNpb24iOiJMT0NBQ0lcdTAwZDNOIn0sImRuaSI6Ijk5OTk5OTkiLCJhcGVfcGF0IjoiUGFjaGVycmVzIiwiYXBlX21hdCI6IlBhY2hlcnJlcyIsIm5vbWJyZSI6IkxpbGlhbmEiLCJmZWNoYV9jb250cmF0b19pbmljaW8iOiIiLCJmZWNoYV9jb250cmF0b19leHRlbmRlZCI6IiIsImZlY2hhX2NvbnRyYXRvX2ZpbiI6IiIsImZlY2hhX25hY2ltaWVudG8iOm51bGwsImVtYWlsX2luc3QiOiJsaWxpYW5hLnBhY2hlcnJlc0BpbmVpLmdvYi5wZSIsImVtYWlsX3BlcnNvbmFsIjoibGlsaWFuYS5wYWNoZXJyZXNAZ21haWwuY29tIiwidXN1YXJpbyI6InVzZXIxNTAxMjUiLCJjbGF2ZSI6IjEyMzQ1NiIsInVzcl9jcmVhY2lvbiI6bnVsbCwiZmVjX2NyZWFjaW9uIjpudWxsLCJ1c3JfZWRpY2lvbiI6bnVsbCwiZmVjX2VkaWNpb24iOm51bGwsImFjdGl2byI6MSwiY2NkZCI6IjE1IiwiY2NwcCI6IjAxIiwiY2NkaSI6IjI1Iiwiem9uYSI6bnVsbH19", "expire_date": "2017-06-06T13:46:19.851Z"}}, {"model": "sessions.session", "pk": "d7bu27r0sfuti4sn1jqbskp1zdr0kf1b", "fields": {"session_data": "NmY4YzQ2ZDNjZDgyYjA2NjBmYTE0ZmYxNDRkNzhkMDBiNzU4ODllYTp7InNlZ3VyaWRhZHVybCI6Imh0dHA6Ly8xOTIuMTY4LjIwMC4xMjM6ODA4MCIsInVzZXIiOnsiaWQiOjEsInJvbCI6eyJpZCI6MSwibm9tYnJlIjoiQWRtaW5pc3RyYWRvciIsImRlc2NyaXBjaW9uIjoiQWRtaW5pc3RyYWRvciBkZWwgTW9kdWxvIGRlIFNlZ3VyaWRhZCIsImNvZGlnbyI6ImFkbSIsInVzcl9jcmVhY2lvbiI6IiIsImZlY19jcmVhY2lvbiI6bnVsbCwidXNyX2VkaWNpb24iOiIiLCJmZWNfZWRpY2lvbiI6bnVsbH0sInRpcG91c3VhcmlvIjp7ImlkIjoyLCJub21icmUiOiJDQVMiLCJkZXNjcmlwY2lvbiI6IkNBUyJ9LCJkbmkiOiI3MjE4ODA1OSIsImFwZV9wYXQiOiJGYXJmXHUwMGUxbiIsImFwZV9tYXQiOiJNZWxnYXIiLCJub21icmUiOiJMdWlzIEVkdWFyZG8iLCJmZWNoYV9jb250cmF0b19pbmljaW8iOiIyMDE1LTEwLTE1IiwiZmVjaGFfY29udHJhdG9fZXh0ZW5kZWQiOiIiLCJmZWNoYV9jb250cmF0b19maW4iOiIyMDE3LTAxLTE5IiwiZmVjaGFfbmFjaW1pZW50byI6IjE5OTMtMDgtMTQiLCJlbWFpbF9pbnN0IjoibHVpcy5mYXJmYW5AaW5laS5nb2IucGUiLCJlbWFpbF9wZXJzb25hbCI6Imx1Y2hvLmZhcmZhbjlAZ21haWwuY29tIiwidXN1YXJpbyI6ImxmYXJmYW4iLCJjbGF2ZSI6Imx1aXMxMjMiLCJ1c3JfY3JlYWNpb24iOiIiLCJmZWNfY3JlYWNpb24iOm51bGwsInVzcl9lZGljaW9uIjoiIiwiZmVjX2VkaWNpb24iOm51bGwsImFjdGl2byI6MSwiY2NkZCI6bnVsbCwiY2NwcCI6bnVsbCwiY2NkaSI6bnVsbCwiem9uYSI6bnVsbCwiYWRtaW5pc3RyYWRvciI6eyJwcm95ZWN0b3MiOltdLCJwcm95ZWN0b3NzaXN0ZW1hcyI6W119fX0=", "expire_date": "2017-06-05T17:46:48.473Z"}}, {"model": "sessions.session", "pk": "d7kno78kswj7fyl1dq7k94hk38g7lfyc", "fields": {"session_data": "YzM3NjE0MmY2MmNmZDI3ZTk1MDliYWUxYWFlNWM1ZjlmZTcxMmJjYTp7InNlZ3VyaWRhZHVybCI6Imh0dHA6Ly8xOTIuMTY4LjIwMC4xMjM6ODA4MCIsInVzZXIiOnsiaWQiOjMzLCJyb2wiOnsiaWQiOjMsIm5vbWJyZSI6IkplZmUgRElzdHJpdGFsIiwiZGVzY3JpcGNpb24iOiJKZWZlIERpc3RyaXRhbCIsImNvZGlnbyI6ImplZmVkaXN0IiwidXNyX2NyZWFjaW9uIjoiIiwiZmVjX2NyZWFjaW9uIjpudWxsLCJ1c3JfZWRpY2lvbiI6IiIsImZlY19lZGljaW9uIjpudWxsfSwidGlwb3VzdWFyaW8iOnsiaWQiOjIsIm5vbWJyZSI6IkNBUyIsImRlc2NyaXBjaW9uIjoiQ0FTIn0sImRuaSI6IjcyMTg4MDU5IiwiYXBlX3BhdCI6IlBlcmV6IiwiYXBlX21hdCI6IlBlcmV6Iiwibm9tYnJlIjoiRWxtZXIiLCJmZWNoYV9jb250cmF0b19pbmljaW8iOiIiLCJmZWNoYV9jb250cmF0b19leHRlbmRlZCI6IiIsImZlY2hhX2NvbnRyYXRvX2ZpbiI6IiIsImZlY2hhX25hY2ltaWVudG8iOiIiLCJlbWFpbF9pbnN0IjoiZXBlcmV6QGluZWkuZ29iLnBlIiwiZW1haWxfcGVyc29uYWwiOiJlcGVyZXpAZ21haWwuY29tIiwidXN1YXJpbyI6ImVwZXJleiIsImNsYXZlIjoiZXBlcmV6IiwidXNyX2NyZWFjaW9uIjoiIiwiZmVjX2NyZWFjaW9uIjpudWxsLCJ1c3JfZWRpY2lvbiI6IiIsImZlY19lZGljaW9uIjpudWxsLCJhY3Rpdm8iOjEsImNjZGQiOiIxNSIsImNjcHAiOiIwMSIsImNjZGkiOiIyNSIsInpvbmEiOiIifX0=", "expire_date": "2017-06-05T19:15:26.027Z"}}, {"model": "sessions.session", "pk": "db1ki6xbj1pod0oudug4oslkl0abh0ah", "fields": {"session_data": "NGFlMzllYjg4NzA4MzZmYWY2ZjdmNTM4NmJkNzg4NWEyOTYxN2E3Mzp7Il9hdXRoX3VzZXJfaGFzaCI6IjdhNmMyMjMzMzJlYzRiYzAwZjYzNmViMzE3NjhjNGFjNzg4ZTRhNjkiLCJNT0RVTE9fSUQiOjEwLCJfYXV0aF91c2VyX2lkIjoiMSIsIl9hdXRoX3VzZXJfYmFja2VuZCI6ImRqYW5nby5jb250cmliLmF1dGguYmFja2VuZHMuTW9kZWxCYWNrZW5kIn0=", "expire_date": "2017-06-05T13:59:07.350Z"}}, {"model": "sessions.session", "pk": "ddiindjczow9xgvkkn7bq312vm93x9gi", "fields": {"session_data": "NzRjMWVlYTI4MTk5MzE4OTgxNzliYjBlYzc4ZmJiMmNmYmE4ZTY2NDp7Ik1PRFVMT19JRCI6MTI1fQ==", "expire_date": "2017-06-05T15:47:28.601Z"}}, {"model": "sessions.session", "pk": "dhabdwmom4d0iy29bbmekmbe88g8eajx", "fields": {"session_data": "NzRjMWVlYTI4MTk5MzE4OTgxNzliYjBlYzc4ZmJiMmNmYmE4ZTY2NDp7Ik1PRFVMT19JRCI6MTI1fQ==", "expire_date": "2017-06-06T17:48:43.067Z"}}, {"model": "sessions.session", "pk": "ecvajno8yaqek3r3d48niiiegheodrls", "fields": {"session_data": "YjcwZTNlNjA4YzM2MDVmNGI2ODQ3MTFjN2I0NzRjYWQxMzJjM2MxZjp7Ik1PRFVMT19JRCI6MTR9", "expire_date": "2017-06-05T21:16:40.711Z"}}, {"model": "sessions.session", "pk": "fd6mi1yggrj4zfmebbsxkul29su3m1tm", "fields": {"session_data": "NGRkMWJkOGVmOTM3ZjQwNmI4Yzg5MWVlMWFlYjVhNGUyM2I3YTM2NTp7fQ==", "expire_date": "2017-06-05T15:20:12.833Z"}}, {"model": "sessions.session", "pk": "fglsxw11d6x60lzxhr3h9dyj9wo61rz7", "fields": {"session_data": "YzM3NjE0MmY2MmNmZDI3ZTk1MDliYWUxYWFlNWM1ZjlmZTcxMmJjYTp7InNlZ3VyaWRhZHVybCI6Imh0dHA6Ly8xOTIuMTY4LjIwMC4xMjM6ODA4MCIsInVzZXIiOnsiaWQiOjMzLCJyb2wiOnsiaWQiOjMsIm5vbWJyZSI6IkplZmUgRElzdHJpdGFsIiwiZGVzY3JpcGNpb24iOiJKZWZlIERpc3RyaXRhbCIsImNvZGlnbyI6ImplZmVkaXN0IiwidXNyX2NyZWFjaW9uIjoiIiwiZmVjX2NyZWFjaW9uIjpudWxsLCJ1c3JfZWRpY2lvbiI6IiIsImZlY19lZGljaW9uIjpudWxsfSwidGlwb3VzdWFyaW8iOnsiaWQiOjIsIm5vbWJyZSI6IkNBUyIsImRlc2NyaXBjaW9uIjoiQ0FTIn0sImRuaSI6IjcyMTg4MDU5IiwiYXBlX3BhdCI6IlBlcmV6IiwiYXBlX21hdCI6IlBlcmV6Iiwibm9tYnJlIjoiRWxtZXIiLCJmZWNoYV9jb250cmF0b19pbmljaW8iOiIiLCJmZWNoYV9jb250cmF0b19leHRlbmRlZCI6IiIsImZlY2hhX2NvbnRyYXRvX2ZpbiI6IiIsImZlY2hhX25hY2ltaWVudG8iOiIiLCJlbWFpbF9pbnN0IjoiZXBlcmV6QGluZWkuZ29iLnBlIiwiZW1haWxfcGVyc29uYWwiOiJlcGVyZXpAZ21haWwuY29tIiwidXN1YXJpbyI6ImVwZXJleiIsImNsYXZlIjoiZXBlcmV6IiwidXNyX2NyZWFjaW9uIjoiIiwiZmVjX2NyZWFjaW9uIjpudWxsLCJ1c3JfZWRpY2lvbiI6IiIsImZlY19lZGljaW9uIjpudWxsLCJhY3Rpdm8iOjEsImNjZGQiOiIxNSIsImNjcHAiOiIwMSIsImNjZGkiOiIyNSIsInpvbmEiOiIifX0=", "expire_date": "2017-06-05T19:29:32.024Z"}}, {"model": "sessions.session", "pk": "gkva2rzd4lhuuxlhh6sbglszudj8lyg7", "fields": {"session_data": "Y2M2OGE1MjI2YjdkNDAyNjQ3MTE5NDAzMTE0ZDI4ZjJhZDYxMTNjMDp7Ik1PRFVMT19JRCI6MTB9", "expire_date": "2017-06-05T23:27:53.629Z"}}, {"model": "sessions.session", "pk": "gpuyke6u6endri6omqwj2tujm3habspj", "fields": {"session_data": "YjcwNzEwNjBlNzViOWFkZDg2ZmNkOTY0OWMyNTQ2OTU5YTRkZjY4ZTp7InNlZ3VyaWRhZHVybCI6Imh0dHA6Ly8xOTIuMTY4LjIwMC4xMjM6ODA4MCIsInVzZXIiOnsiaWQiOjM0LCJyb2wiOnsiaWQiOjcsIm5vbWJyZSI6IkplZmUgRGlzdHJpdGFsIiwiZGVzY3JpcGNpb24iOiJKZWZlIERpc3RyaXRhbCIsImNvZGlnbyI6ImplZmVkaXN0IiwidXNyX2NyZWFjaW9uIjpudWxsLCJmZWNfY3JlYWNpb24iOm51bGwsInVzcl9lZGljaW9uIjpudWxsLCJmZWNfZWRpY2lvbiI6bnVsbH0sInRpcG91c3VhcmlvIjp7ImlkIjozLCJub21icmUiOiJMT0NBQ0lcdTAwZDNOIiwiZGVzY3JpcGNpb24iOiJMT0NBQ0lcdTAwZDNOIn0sImRuaSI6Ijk5OTk5OTkiLCJhcGVfcGF0IjoiUGFjaGVycmVzIiwiYXBlX21hdCI6IlBhY2hlcnJlcyIsIm5vbWJyZSI6IkxpbGlhbmEiLCJmZWNoYV9jb250cmF0b19pbmljaW8iOiIiLCJmZWNoYV9jb250cmF0b19leHRlbmRlZCI6IiIsImZlY2hhX2NvbnRyYXRvX2ZpbiI6IiIsImZlY2hhX25hY2ltaWVudG8iOm51bGwsImVtYWlsX2luc3QiOiJsaWxpYW5hLnBhY2hlcnJlc0BpbmVpLmdvYi5wZSIsImVtYWlsX3BlcnNvbmFsIjoibGlsaWFuYS5wYWNoZXJyZXNAZ21haWwuY29tIiwidXN1YXJpbyI6InVzZXIxNTAxMjUiLCJjbGF2ZSI6IjEyMzQ1NiIsInVzcl9jcmVhY2lvbiI6bnVsbCwiZmVjX2NyZWFjaW9uIjpudWxsLCJ1c3JfZWRpY2lvbiI6bnVsbCwiZmVjX2VkaWNpb24iOm51bGwsImFjdGl2byI6MSwiY2NkZCI6IjE1IiwiY2NwcCI6IjAxIiwiY2NkaSI6IjI1Iiwiem9uYSI6bnVsbH19", "expire_date": "2017-06-06T14:33:51.048Z"}}, {"model": "sessions.session", "pk": "gqcwf8rougt3qrvwkuji33u1jni4gabi", "fields": {"session_data": "YzM3NjE0MmY2MmNmZDI3ZTk1MDliYWUxYWFlNWM1ZjlmZTcxMmJjYTp7InNlZ3VyaWRhZHVybCI6Imh0dHA6Ly8xOTIuMTY4LjIwMC4xMjM6ODA4MCIsInVzZXIiOnsiaWQiOjMzLCJyb2wiOnsiaWQiOjMsIm5vbWJyZSI6IkplZmUgRElzdHJpdGFsIiwiZGVzY3JpcGNpb24iOiJKZWZlIERpc3RyaXRhbCIsImNvZGlnbyI6ImplZmVkaXN0IiwidXNyX2NyZWFjaW9uIjoiIiwiZmVjX2NyZWFjaW9uIjpudWxsLCJ1c3JfZWRpY2lvbiI6IiIsImZlY19lZGljaW9uIjpudWxsfSwidGlwb3VzdWFyaW8iOnsiaWQiOjIsIm5vbWJyZSI6IkNBUyIsImRlc2NyaXBjaW9uIjoiQ0FTIn0sImRuaSI6IjcyMTg4MDU5IiwiYXBlX3BhdCI6IlBlcmV6IiwiYXBlX21hdCI6IlBlcmV6Iiwibm9tYnJlIjoiRWxtZXIiLCJmZWNoYV9jb250cmF0b19pbmljaW8iOiIiLCJmZWNoYV9jb250cmF0b19leHRlbmRlZCI6IiIsImZlY2hhX2NvbnRyYXRvX2ZpbiI6IiIsImZlY2hhX25hY2ltaWVudG8iOiIiLCJlbWFpbF9pbnN0IjoiZXBlcmV6QGluZWkuZ29iLnBlIiwiZW1haWxfcGVyc29uYWwiOiJlcGVyZXpAZ21haWwuY29tIiwidXN1YXJpbyI6ImVwZXJleiIsImNsYXZlIjoiZXBlcmV6IiwidXNyX2NyZWFjaW9uIjoiIiwiZmVjX2NyZWFjaW9uIjpudWxsLCJ1c3JfZWRpY2lvbiI6IiIsImZlY19lZGljaW9uIjpudWxsLCJhY3Rpdm8iOjEsImNjZGQiOiIxNSIsImNjcHAiOiIwMSIsImNjZGkiOiIyNSIsInpvbmEiOiIifX0=", "expire_date": "2017-06-05T20:11:26.041Z"}}, {"model": "sessions.session", "pk": "h4zc3ayhf8ygw41w4canmqsgs4cft6ui", "fields": {"session_data": "Njc5NjUyNzQwMmM5YTdlMjYxYjgyMGUxOGIyNjk2Y2MwNjM1NjBlZTp7Ik1PRFVMT19JRCI6MTF9", "expire_date": "2017-06-06T14:11:17.022Z"}}, {"model": "sessions.session", "pk": "hk42yd4zpekghs2qyp735g37qfytn7uw", "fields": {"session_data": "ZjZlODRkYmI1NzQyYmRiMjA0MTY5ZWY2OGQ3OTBlNWViMDgyMGRkMzp7InNlZ3VyaWRhZHVybCI6Imh0dHA6Ly8xOTIuMTY4LjIwMC4xMjM6ODA4MCIsInVzZXIiOnsiaWQiOjMzLCJyb2wiOnsiaWQiOjIsIm5vbWJyZSI6IkplZmUgZGUgWm9uYSIsImRlc2NyaXBjaW9uIjoiSmVmZSBkZSBab25hIHBhcmEgZWwgU2lzdGVtYSBkZSBDYXBhY2l0YWNpXHUwMGYzbiIsImNvZGlnbyI6ImplZmV6b25hIiwidXNyX2NyZWFjaW9uIjoiIiwiZmVjX2NyZWFjaW9uIjpudWxsLCJ1c3JfZWRpY2lvbiI6IiIsImZlY19lZGljaW9uIjpudWxsfSwidGlwb3VzdWFyaW8iOnsiaWQiOjIsIm5vbWJyZSI6IkNBUyIsImRlc2NyaXBjaW9uIjoiQ0FTIn0sImRuaSI6IjcyMTg4MDU5IiwiYXBlX3BhdCI6IlBlcmV6IiwiYXBlX21hdCI6IlBlcmV6Iiwibm9tYnJlIjoiRWxtZXIiLCJmZWNoYV9jb250cmF0b19pbmljaW8iOiIiLCJmZWNoYV9jb250cmF0b19leHRlbmRlZCI6IiIsImZlY2hhX2NvbnRyYXRvX2ZpbiI6IiIsImZlY2hhX25hY2ltaWVudG8iOiIiLCJlbWFpbF9pbnN0IjoiZXBlcmV6QGluZWkuZ29iLnBlIiwiZW1haWxfcGVyc29uYWwiOiJlcGVyZXpAZ21haWwuY29tIiwidXN1YXJpbyI6ImVwZXJleiIsImNsYXZlIjoiZXBlcmV6IiwidXNyX2NyZWFjaW9uIjoiIiwiZmVjX2NyZWFjaW9uIjpudWxsLCJ1c3JfZWRpY2lvbiI6IiIsImZlY19lZGljaW9uIjpudWxsLCJhY3Rpdm8iOjEsImNjZGQiOiIxNSIsImNjcHAiOiIwMSIsImNjZGkiOiIyNSIsInpvbmEiOiIifX0=", "expire_date": "2017-06-05T18:46:01.635Z"}}, {"model": "sessions.session", "pk": "hongpwf7wtcnl9zv8b4g39dkd5eokopw", "fields": {"session_data": "ZjZlODRkYmI1NzQyYmRiMjA0MTY5ZWY2OGQ3OTBlNWViMDgyMGRkMzp7InNlZ3VyaWRhZHVybCI6Imh0dHA6Ly8xOTIuMTY4LjIwMC4xMjM6ODA4MCIsInVzZXIiOnsiaWQiOjMzLCJyb2wiOnsiaWQiOjIsIm5vbWJyZSI6IkplZmUgZGUgWm9uYSIsImRlc2NyaXBjaW9uIjoiSmVmZSBkZSBab25hIHBhcmEgZWwgU2lzdGVtYSBkZSBDYXBhY2l0YWNpXHUwMGYzbiIsImNvZGlnbyI6ImplZmV6b25hIiwidXNyX2NyZWFjaW9uIjoiIiwiZmVjX2NyZWFjaW9uIjpudWxsLCJ1c3JfZWRpY2lvbiI6IiIsImZlY19lZGljaW9uIjpudWxsfSwidGlwb3VzdWFyaW8iOnsiaWQiOjIsIm5vbWJyZSI6IkNBUyIsImRlc2NyaXBjaW9uIjoiQ0FTIn0sImRuaSI6IjcyMTg4MDU5IiwiYXBlX3BhdCI6IlBlcmV6IiwiYXBlX21hdCI6IlBlcmV6Iiwibm9tYnJlIjoiRWxtZXIiLCJmZWNoYV9jb250cmF0b19pbmljaW8iOiIiLCJmZWNoYV9jb250cmF0b19leHRlbmRlZCI6IiIsImZlY2hhX2NvbnRyYXRvX2ZpbiI6IiIsImZlY2hhX25hY2ltaWVudG8iOiIiLCJlbWFpbF9pbnN0IjoiZXBlcmV6QGluZWkuZ29iLnBlIiwiZW1haWxfcGVyc29uYWwiOiJlcGVyZXpAZ21haWwuY29tIiwidXN1YXJpbyI6ImVwZXJleiIsImNsYXZlIjoiZXBlcmV6IiwidXNyX2NyZWFjaW9uIjoiIiwiZmVjX2NyZWFjaW9uIjpudWxsLCJ1c3JfZWRpY2lvbiI6IiIsImZlY19lZGljaW9uIjpudWxsLCJhY3Rpdm8iOjEsImNjZGQiOiIxNSIsImNjcHAiOiIwMSIsImNjZGkiOiIyNSIsInpvbmEiOiIifX0=", "expire_date": "2017-06-05T19:01:05.038Z"}}, {"model": "sessions.session", "pk": "i17vt43kzekunkai1q7n2geplg1g2v67", "fields": {"session_data": "ZjZlODRkYmI1NzQyYmRiMjA0MTY5ZWY2OGQ3OTBlNWViMDgyMGRkMzp7InNlZ3VyaWRhZHVybCI6Imh0dHA6Ly8xOTIuMTY4LjIwMC4xMjM6ODA4MCIsInVzZXIiOnsiaWQiOjMzLCJyb2wiOnsiaWQiOjIsIm5vbWJyZSI6IkplZmUgZGUgWm9uYSIsImRlc2NyaXBjaW9uIjoiSmVmZSBkZSBab25hIHBhcmEgZWwgU2lzdGVtYSBkZSBDYXBhY2l0YWNpXHUwMGYzbiIsImNvZGlnbyI6ImplZmV6b25hIiwidXNyX2NyZWFjaW9uIjoiIiwiZmVjX2NyZWFjaW9uIjpudWxsLCJ1c3JfZWRpY2lvbiI6IiIsImZlY19lZGljaW9uIjpudWxsfSwidGlwb3VzdWFyaW8iOnsiaWQiOjIsIm5vbWJyZSI6IkNBUyIsImRlc2NyaXBjaW9uIjoiQ0FTIn0sImRuaSI6IjcyMTg4MDU5IiwiYXBlX3BhdCI6IlBlcmV6IiwiYXBlX21hdCI6IlBlcmV6Iiwibm9tYnJlIjoiRWxtZXIiLCJmZWNoYV9jb250cmF0b19pbmljaW8iOiIiLCJmZWNoYV9jb250cmF0b19leHRlbmRlZCI6IiIsImZlY2hhX2NvbnRyYXRvX2ZpbiI6IiIsImZlY2hhX25hY2ltaWVudG8iOiIiLCJlbWFpbF9pbnN0IjoiZXBlcmV6QGluZWkuZ29iLnBlIiwiZW1haWxfcGVyc29uYWwiOiJlcGVyZXpAZ21haWwuY29tIiwidXN1YXJpbyI6ImVwZXJleiIsImNsYXZlIjoiZXBlcmV6IiwidXNyX2NyZWFjaW9uIjoiIiwiZmVjX2NyZWFjaW9uIjpudWxsLCJ1c3JfZWRpY2lvbiI6IiIsImZlY19lZGljaW9uIjpudWxsLCJhY3Rpdm8iOjEsImNjZGQiOiIxNSIsImNjcHAiOiIwMSIsImNjZGkiOiIyNSIsInpvbmEiOiIifX0=", "expire_date": "2017-06-05T15:00:31.255Z"}}, {"model": "sessions.session", "pk": "i7ngwoqaxv953ur7mgi5lwyuauvlsx3p", "fields": {"session_data": "YjcwZTNlNjA4YzM2MDVmNGI2ODQ3MTFjN2I0NzRjYWQxMzJjM2MxZjp7Ik1PRFVMT19JRCI6MTR9", "expire_date": "2017-06-05T23:37:55.768Z"}}, {"model": "sessions.session", "pk": "izote2czsr6l7mgfeiahptsqpwk4wibk", "fields": {"session_data": "ZjZlODRkYmI1NzQyYmRiMjA0MTY5ZWY2OGQ3OTBlNWViMDgyMGRkMzp7InNlZ3VyaWRhZHVybCI6Imh0dHA6Ly8xOTIuMTY4LjIwMC4xMjM6ODA4MCIsInVzZXIiOnsiaWQiOjMzLCJyb2wiOnsiaWQiOjIsIm5vbWJyZSI6IkplZmUgZGUgWm9uYSIsImRlc2NyaXBjaW9uIjoiSmVmZSBkZSBab25hIHBhcmEgZWwgU2lzdGVtYSBkZSBDYXBhY2l0YWNpXHUwMGYzbiIsImNvZGlnbyI6ImplZmV6b25hIiwidXNyX2NyZWFjaW9uIjoiIiwiZmVjX2NyZWFjaW9uIjpudWxsLCJ1c3JfZWRpY2lvbiI6IiIsImZlY19lZGljaW9uIjpudWxsfSwidGlwb3VzdWFyaW8iOnsiaWQiOjIsIm5vbWJyZSI6IkNBUyIsImRlc2NyaXBjaW9uIjoiQ0FTIn0sImRuaSI6IjcyMTg4MDU5IiwiYXBlX3BhdCI6IlBlcmV6IiwiYXBlX21hdCI6IlBlcmV6Iiwibm9tYnJlIjoiRWxtZXIiLCJmZWNoYV9jb250cmF0b19pbmljaW8iOiIiLCJmZWNoYV9jb250cmF0b19leHRlbmRlZCI6IiIsImZlY2hhX2NvbnRyYXRvX2ZpbiI6IiIsImZlY2hhX25hY2ltaWVudG8iOiIiLCJlbWFpbF9pbnN0IjoiZXBlcmV6QGluZWkuZ29iLnBlIiwiZW1haWxfcGVyc29uYWwiOiJlcGVyZXpAZ21haWwuY29tIiwidXN1YXJpbyI6ImVwZXJleiIsImNsYXZlIjoiZXBlcmV6IiwidXNyX2NyZWFjaW9uIjoiIiwiZmVjX2NyZWFjaW9uIjpudWxsLCJ1c3JfZWRpY2lvbiI6IiIsImZlY19lZGljaW9uIjpudWxsLCJhY3Rpdm8iOjEsImNjZGQiOiIxNSIsImNjcHAiOiIwMSIsImNjZGkiOiIyNSIsInpvbmEiOiIifX0=", "expire_date": "2017-06-05T15:21:04.161Z"}}, {"model": "sessions.session", "pk": "j7ao2vysezmwbn3x2be8mnlmutgltqc1", "fields": {"session_data": "YzM3NjE0MmY2MmNmZDI3ZTk1MDliYWUxYWFlNWM1ZjlmZTcxMmJjYTp7InNlZ3VyaWRhZHVybCI6Imh0dHA6Ly8xOTIuMTY4LjIwMC4xMjM6ODA4MCIsInVzZXIiOnsiaWQiOjMzLCJyb2wiOnsiaWQiOjMsIm5vbWJyZSI6IkplZmUgRElzdHJpdGFsIiwiZGVzY3JpcGNpb24iOiJKZWZlIERpc3RyaXRhbCIsImNvZGlnbyI6ImplZmVkaXN0IiwidXNyX2NyZWFjaW9uIjoiIiwiZmVjX2NyZWFjaW9uIjpudWxsLCJ1c3JfZWRpY2lvbiI6IiIsImZlY19lZGljaW9uIjpudWxsfSwidGlwb3VzdWFyaW8iOnsiaWQiOjIsIm5vbWJyZSI6IkNBUyIsImRlc2NyaXBjaW9uIjoiQ0FTIn0sImRuaSI6IjcyMTg4MDU5IiwiYXBlX3BhdCI6IlBlcmV6IiwiYXBlX21hdCI6IlBlcmV6Iiwibm9tYnJlIjoiRWxtZXIiLCJmZWNoYV9jb250cmF0b19pbmljaW8iOiIiLCJmZWNoYV9jb250cmF0b19leHRlbmRlZCI6IiIsImZlY2hhX2NvbnRyYXRvX2ZpbiI6IiIsImZlY2hhX25hY2ltaWVudG8iOiIiLCJlbWFpbF9pbnN0IjoiZXBlcmV6QGluZWkuZ29iLnBlIiwiZW1haWxfcGVyc29uYWwiOiJlcGVyZXpAZ21haWwuY29tIiwidXN1YXJpbyI6ImVwZXJleiIsImNsYXZlIjoiZXBlcmV6IiwidXNyX2NyZWFjaW9uIjoiIiwiZmVjX2NyZWFjaW9uIjpudWxsLCJ1c3JfZWRpY2lvbiI6IiIsImZlY19lZGljaW9uIjpudWxsLCJhY3Rpdm8iOjEsImNjZGQiOiIxNSIsImNjcHAiOiIwMSIsImNjZGkiOiIyNSIsInpvbmEiOiIifX0=", "expire_date": "2017-06-05T22:50:05.780Z"}}, {"model": "sessions.session", "pk": "jvc2jod4nwildym09epnhvwpj58fh1mw", "fields": {"session_data": "YjcwNzEwNjBlNzViOWFkZDg2ZmNkOTY0OWMyNTQ2OTU5YTRkZjY4ZTp7InNlZ3VyaWRhZHVybCI6Imh0dHA6Ly8xOTIuMTY4LjIwMC4xMjM6ODA4MCIsInVzZXIiOnsiaWQiOjM0LCJyb2wiOnsiaWQiOjcsIm5vbWJyZSI6IkplZmUgRGlzdHJpdGFsIiwiZGVzY3JpcGNpb24iOiJKZWZlIERpc3RyaXRhbCIsImNvZGlnbyI6ImplZmVkaXN0IiwidXNyX2NyZWFjaW9uIjpudWxsLCJmZWNfY3JlYWNpb24iOm51bGwsInVzcl9lZGljaW9uIjpudWxsLCJmZWNfZWRpY2lvbiI6bnVsbH0sInRpcG91c3VhcmlvIjp7ImlkIjozLCJub21icmUiOiJMT0NBQ0lcdTAwZDNOIiwiZGVzY3JpcGNpb24iOiJMT0NBQ0lcdTAwZDNOIn0sImRuaSI6Ijk5OTk5OTkiLCJhcGVfcGF0IjoiUGFjaGVycmVzIiwiYXBlX21hdCI6IlBhY2hlcnJlcyIsIm5vbWJyZSI6IkxpbGlhbmEiLCJmZWNoYV9jb250cmF0b19pbmljaW8iOiIiLCJmZWNoYV9jb250cmF0b19leHRlbmRlZCI6IiIsImZlY2hhX2NvbnRyYXRvX2ZpbiI6IiIsImZlY2hhX25hY2ltaWVudG8iOm51bGwsImVtYWlsX2luc3QiOiJsaWxpYW5hLnBhY2hlcnJlc0BpbmVpLmdvYi5wZSIsImVtYWlsX3BlcnNvbmFsIjoibGlsaWFuYS5wYWNoZXJyZXNAZ21haWwuY29tIiwidXN1YXJpbyI6InVzZXIxNTAxMjUiLCJjbGF2ZSI6IjEyMzQ1NiIsInVzcl9jcmVhY2lvbiI6bnVsbCwiZmVjX2NyZWFjaW9uIjpudWxsLCJ1c3JfZWRpY2lvbiI6bnVsbCwiZmVjX2VkaWNpb24iOm51bGwsImFjdGl2byI6MSwiY2NkZCI6IjE1IiwiY2NwcCI6IjAxIiwiY2NkaSI6IjI1Iiwiem9uYSI6bnVsbH19", "expire_date": "2017-06-06T02:48:37.015Z"}}, {"model": "sessions.session", "pk": "jvq3d4z1bwjals257rzrc535igx2nigb", "fields": {"session_data": "YzM3NjE0MmY2MmNmZDI3ZTk1MDliYWUxYWFlNWM1ZjlmZTcxMmJjYTp7InNlZ3VyaWRhZHVybCI6Imh0dHA6Ly8xOTIuMTY4LjIwMC4xMjM6ODA4MCIsInVzZXIiOnsiaWQiOjMzLCJyb2wiOnsiaWQiOjMsIm5vbWJyZSI6IkplZmUgRElzdHJpdGFsIiwiZGVzY3JpcGNpb24iOiJKZWZlIERpc3RyaXRhbCIsImNvZGlnbyI6ImplZmVkaXN0IiwidXNyX2NyZWFjaW9uIjoiIiwiZmVjX2NyZWFjaW9uIjpudWxsLCJ1c3JfZWRpY2lvbiI6IiIsImZlY19lZGljaW9uIjpudWxsfSwidGlwb3VzdWFyaW8iOnsiaWQiOjIsIm5vbWJyZSI6IkNBUyIsImRlc2NyaXBjaW9uIjoiQ0FTIn0sImRuaSI6IjcyMTg4MDU5IiwiYXBlX3BhdCI6IlBlcmV6IiwiYXBlX21hdCI6IlBlcmV6Iiwibm9tYnJlIjoiRWxtZXIiLCJmZWNoYV9jb250cmF0b19pbmljaW8iOiIiLCJmZWNoYV9jb250cmF0b19leHRlbmRlZCI6IiIsImZlY2hhX2NvbnRyYXRvX2ZpbiI6IiIsImZlY2hhX25hY2ltaWVudG8iOiIiLCJlbWFpbF9pbnN0IjoiZXBlcmV6QGluZWkuZ29iLnBlIiwiZW1haWxfcGVyc29uYWwiOiJlcGVyZXpAZ21haWwuY29tIiwidXN1YXJpbyI6ImVwZXJleiIsImNsYXZlIjoiZXBlcmV6IiwidXNyX2NyZWFjaW9uIjoiIiwiZmVjX2NyZWFjaW9uIjpudWxsLCJ1c3JfZWRpY2lvbiI6IiIsImZlY19lZGljaW9uIjpudWxsLCJhY3Rpdm8iOjEsImNjZGQiOiIxNSIsImNjcHAiOiIwMSIsImNjZGkiOiIyNSIsInpvbmEiOiIifX0=", "expire_date": "2017-06-05T20:45:09.923Z"}}, {"model": "sessions.session", "pk": "jzf0ijcgntzsh6c7u6uhx4lcrjpxp1gz", "fields": {"session_data": "NzRjMWVlYTI4MTk5MzE4OTgxNzliYjBlYzc4ZmJiMmNmYmE4ZTY2NDp7Ik1PRFVMT19JRCI6MTI1fQ==", "expire_date": "2017-06-05T14:13:06.868Z"}}, {"model": "sessions.session", "pk": "kai93iqly5c4x7bbj6eh90py69omyhqt", "fields": {"session_data": "Njc5NjUyNzQwMmM5YTdlMjYxYjgyMGUxOGIyNjk2Y2MwNjM1NjBlZTp7Ik1PRFVMT19JRCI6MTF9", "expire_date": "2017-06-05T14:41:20.747Z"}}, {"model": "sessions.session", "pk": "kaq3sx6nyno9u3xqitmssy2tokehhm5b", "fields": {"session_data": "YzM3NjE0MmY2MmNmZDI3ZTk1MDliYWUxYWFlNWM1ZjlmZTcxMmJjYTp7InNlZ3VyaWRhZHVybCI6Imh0dHA6Ly8xOTIuMTY4LjIwMC4xMjM6ODA4MCIsInVzZXIiOnsiaWQiOjMzLCJyb2wiOnsiaWQiOjMsIm5vbWJyZSI6IkplZmUgRElzdHJpdGFsIiwiZGVzY3JpcGNpb24iOiJKZWZlIERpc3RyaXRhbCIsImNvZGlnbyI6ImplZmVkaXN0IiwidXNyX2NyZWFjaW9uIjoiIiwiZmVjX2NyZWFjaW9uIjpudWxsLCJ1c3JfZWRpY2lvbiI6IiIsImZlY19lZGljaW9uIjpudWxsfSwidGlwb3VzdWFyaW8iOnsiaWQiOjIsIm5vbWJyZSI6IkNBUyIsImRlc2NyaXBjaW9uIjoiQ0FTIn0sImRuaSI6IjcyMTg4MDU5IiwiYXBlX3BhdCI6IlBlcmV6IiwiYXBlX21hdCI6IlBlcmV6Iiwibm9tYnJlIjoiRWxtZXIiLCJmZWNoYV9jb250cmF0b19pbmljaW8iOiIiLCJmZWNoYV9jb250cmF0b19leHRlbmRlZCI6IiIsImZlY2hhX2NvbnRyYXRvX2ZpbiI6IiIsImZlY2hhX25hY2ltaWVudG8iOiIiLCJlbWFpbF9pbnN0IjoiZXBlcmV6QGluZWkuZ29iLnBlIiwiZW1haWxfcGVyc29uYWwiOiJlcGVyZXpAZ21haWwuY29tIiwidXN1YXJpbyI6ImVwZXJleiIsImNsYXZlIjoiZXBlcmV6IiwidXNyX2NyZWFjaW9uIjoiIiwiZmVjX2NyZWFjaW9uIjpudWxsLCJ1c3JfZWRpY2lvbiI6IiIsImZlY19lZGljaW9uIjpudWxsLCJhY3Rpdm8iOjEsImNjZGQiOiIxNSIsImNjcHAiOiIwMSIsImNjZGkiOiIyNSIsInpvbmEiOiIifX0=", "expire_date": "2017-06-05T22:43:21.380Z"}}, {"model": "sessions.session", "pk": "kbltg6txbkh7jnxkvw47qly5v2qtufh8", "fields": {"session_data": "YzM3NjE0MmY2MmNmZDI3ZTk1MDliYWUxYWFlNWM1ZjlmZTcxMmJjYTp7InNlZ3VyaWRhZHVybCI6Imh0dHA6Ly8xOTIuMTY4LjIwMC4xMjM6ODA4MCIsInVzZXIiOnsiaWQiOjMzLCJyb2wiOnsiaWQiOjMsIm5vbWJyZSI6IkplZmUgRElzdHJpdGFsIiwiZGVzY3JpcGNpb24iOiJKZWZlIERpc3RyaXRhbCIsImNvZGlnbyI6ImplZmVkaXN0IiwidXNyX2NyZWFjaW9uIjoiIiwiZmVjX2NyZWFjaW9uIjpudWxsLCJ1c3JfZWRpY2lvbiI6IiIsImZlY19lZGljaW9uIjpudWxsfSwidGlwb3VzdWFyaW8iOnsiaWQiOjIsIm5vbWJyZSI6IkNBUyIsImRlc2NyaXBjaW9uIjoiQ0FTIn0sImRuaSI6IjcyMTg4MDU5IiwiYXBlX3BhdCI6IlBlcmV6IiwiYXBlX21hdCI6IlBlcmV6Iiwibm9tYnJlIjoiRWxtZXIiLCJmZWNoYV9jb250cmF0b19pbmljaW8iOiIiLCJmZWNoYV9jb250cmF0b19leHRlbmRlZCI6IiIsImZlY2hhX2NvbnRyYXRvX2ZpbiI6IiIsImZlY2hhX25hY2ltaWVudG8iOiIiLCJlbWFpbF9pbnN0IjoiZXBlcmV6QGluZWkuZ29iLnBlIiwiZW1haWxfcGVyc29uYWwiOiJlcGVyZXpAZ21haWwuY29tIiwidXN1YXJpbyI6ImVwZXJleiIsImNsYXZlIjoiZXBlcmV6IiwidXNyX2NyZWFjaW9uIjoiIiwiZmVjX2NyZWFjaW9uIjpudWxsLCJ1c3JfZWRpY2lvbiI6IiIsImZlY19lZGljaW9uIjpudWxsLCJhY3Rpdm8iOjEsImNjZGQiOiIxNSIsImNjcHAiOiIwMSIsImNjZGkiOiIyNSIsInpvbmEiOiIifX0=", "expire_date": "2017-06-05T23:29:07.037Z"}}, {"model": "sessions.session", "pk": "ksmbc3zbcg6gqew2odhe9k7eijamnm2j", "fields": {"session_data": "Y2M2OGE1MjI2YjdkNDAyNjQ3MTE5NDAzMTE0ZDI4ZjJhZDYxMTNjMDp7Ik1PRFVMT19JRCI6MTB9", "expire_date": "2017-06-05T17:54:09.664Z"}}, {"model": "sessions.session", "pk": "l186796hhyka1iwfcaju8220oam7resw", "fields": {"session_data": "YzM3NjE0MmY2MmNmZDI3ZTk1MDliYWUxYWFlNWM1ZjlmZTcxMmJjYTp7InNlZ3VyaWRhZHVybCI6Imh0dHA6Ly8xOTIuMTY4LjIwMC4xMjM6ODA4MCIsInVzZXIiOnsiaWQiOjMzLCJyb2wiOnsiaWQiOjMsIm5vbWJyZSI6IkplZmUgRElzdHJpdGFsIiwiZGVzY3JpcGNpb24iOiJKZWZlIERpc3RyaXRhbCIsImNvZGlnbyI6ImplZmVkaXN0IiwidXNyX2NyZWFjaW9uIjoiIiwiZmVjX2NyZWFjaW9uIjpudWxsLCJ1c3JfZWRpY2lvbiI6IiIsImZlY19lZGljaW9uIjpudWxsfSwidGlwb3VzdWFyaW8iOnsiaWQiOjIsIm5vbWJyZSI6IkNBUyIsImRlc2NyaXBjaW9uIjoiQ0FTIn0sImRuaSI6IjcyMTg4MDU5IiwiYXBlX3BhdCI6IlBlcmV6IiwiYXBlX21hdCI6IlBlcmV6Iiwibm9tYnJlIjoiRWxtZXIiLCJmZWNoYV9jb250cmF0b19pbmljaW8iOiIiLCJmZWNoYV9jb250cmF0b19leHRlbmRlZCI6IiIsImZlY2hhX2NvbnRyYXRvX2ZpbiI6IiIsImZlY2hhX25hY2ltaWVudG8iOiIiLCJlbWFpbF9pbnN0IjoiZXBlcmV6QGluZWkuZ29iLnBlIiwiZW1haWxfcGVyc29uYWwiOiJlcGVyZXpAZ21haWwuY29tIiwidXN1YXJpbyI6ImVwZXJleiIsImNsYXZlIjoiZXBlcmV6IiwidXNyX2NyZWFjaW9uIjoiIiwiZmVjX2NyZWFjaW9uIjpudWxsLCJ1c3JfZWRpY2lvbiI6IiIsImZlY19lZGljaW9uIjpudWxsLCJhY3Rpdm8iOjEsImNjZGQiOiIxNSIsImNjcHAiOiIwMSIsImNjZGkiOiIyNSIsInpvbmEiOiIifX0=", "expire_date": "2017-06-05T21:06:58.740Z"}}, {"model": "sessions.session", "pk": "l5g3x7ezmi4leybauarxvf2q49eockiq", "fields": {"session_data": "YjcwNzEwNjBlNzViOWFkZDg2ZmNkOTY0OWMyNTQ2OTU5YTRkZjY4ZTp7InNlZ3VyaWRhZHVybCI6Imh0dHA6Ly8xOTIuMTY4LjIwMC4xMjM6ODA4MCIsInVzZXIiOnsiaWQiOjM0LCJyb2wiOnsiaWQiOjcsIm5vbWJyZSI6IkplZmUgRGlzdHJpdGFsIiwiZGVzY3JpcGNpb24iOiJKZWZlIERpc3RyaXRhbCIsImNvZGlnbyI6ImplZmVkaXN0IiwidXNyX2NyZWFjaW9uIjpudWxsLCJmZWNfY3JlYWNpb24iOm51bGwsInVzcl9lZGljaW9uIjpudWxsLCJmZWNfZWRpY2lvbiI6bnVsbH0sInRpcG91c3VhcmlvIjp7ImlkIjozLCJub21icmUiOiJMT0NBQ0lcdTAwZDNOIiwiZGVzY3JpcGNpb24iOiJMT0NBQ0lcdTAwZDNOIn0sImRuaSI6Ijk5OTk5OTkiLCJhcGVfcGF0IjoiUGFjaGVycmVzIiwiYXBlX21hdCI6IlBhY2hlcnJlcyIsIm5vbWJyZSI6IkxpbGlhbmEiLCJmZWNoYV9jb250cmF0b19pbmljaW8iOiIiLCJmZWNoYV9jb250cmF0b19leHRlbmRlZCI6IiIsImZlY2hhX2NvbnRyYXRvX2ZpbiI6IiIsImZlY2hhX25hY2ltaWVudG8iOm51bGwsImVtYWlsX2luc3QiOiJsaWxpYW5hLnBhY2hlcnJlc0BpbmVpLmdvYi5wZSIsImVtYWlsX3BlcnNvbmFsIjoibGlsaWFuYS5wYWNoZXJyZXNAZ21haWwuY29tIiwidXN1YXJpbyI6InVzZXIxNTAxMjUiLCJjbGF2ZSI6IjEyMzQ1NiIsInVzcl9jcmVhY2lvbiI6bnVsbCwiZmVjX2NyZWFjaW9uIjpudWxsLCJ1c3JfZWRpY2lvbiI6bnVsbCwiZmVjX2VkaWNpb24iOm51bGwsImFjdGl2byI6MSwiY2NkZCI6IjE1IiwiY2NwcCI6IjAxIiwiY2NkaSI6IjI1Iiwiem9uYSI6bnVsbH19", "expire_date": "2017-06-06T17:12:55.140Z"}}, {"model": "sessions.session", "pk": "ltxpr9r1im5rl7u1oh9es1utwc0grcwc", "fields": {"session_data": "YzM3NjE0MmY2MmNmZDI3ZTk1MDliYWUxYWFlNWM1ZjlmZTcxMmJjYTp7InNlZ3VyaWRhZHVybCI6Imh0dHA6Ly8xOTIuMTY4LjIwMC4xMjM6ODA4MCIsInVzZXIiOnsiaWQiOjMzLCJyb2wiOnsiaWQiOjMsIm5vbWJyZSI6IkplZmUgRElzdHJpdGFsIiwiZGVzY3JpcGNpb24iOiJKZWZlIERpc3RyaXRhbCIsImNvZGlnbyI6ImplZmVkaXN0IiwidXNyX2NyZWFjaW9uIjoiIiwiZmVjX2NyZWFjaW9uIjpudWxsLCJ1c3JfZWRpY2lvbiI6IiIsImZlY19lZGljaW9uIjpudWxsfSwidGlwb3VzdWFyaW8iOnsiaWQiOjIsIm5vbWJyZSI6IkNBUyIsImRlc2NyaXBjaW9uIjoiQ0FTIn0sImRuaSI6IjcyMTg4MDU5IiwiYXBlX3BhdCI6IlBlcmV6IiwiYXBlX21hdCI6IlBlcmV6Iiwibm9tYnJlIjoiRWxtZXIiLCJmZWNoYV9jb250cmF0b19pbmljaW8iOiIiLCJmZWNoYV9jb250cmF0b19leHRlbmRlZCI6IiIsImZlY2hhX2NvbnRyYXRvX2ZpbiI6IiIsImZlY2hhX25hY2ltaWVudG8iOiIiLCJlbWFpbF9pbnN0IjoiZXBlcmV6QGluZWkuZ29iLnBlIiwiZW1haWxfcGVyc29uYWwiOiJlcGVyZXpAZ21haWwuY29tIiwidXN1YXJpbyI6ImVwZXJleiIsImNsYXZlIjoiZXBlcmV6IiwidXNyX2NyZWFjaW9uIjoiIiwiZmVjX2NyZWFjaW9uIjpudWxsLCJ1c3JfZWRpY2lvbiI6IiIsImZlY19lZGljaW9uIjpudWxsLCJhY3Rpdm8iOjEsImNjZGQiOiIxNSIsImNjcHAiOiIwMSIsImNjZGkiOiIyNSIsInpvbmEiOiIifX0=", "expire_date": "2017-06-05T20:41:16.196Z"}}, {"model": "sessions.session", "pk": "mxo6su72v8ydvuat0fifx89nz8gcegde", "fields": {"session_data": "YzM3NjE0MmY2MmNmZDI3ZTk1MDliYWUxYWFlNWM1ZjlmZTcxMmJjYTp7InNlZ3VyaWRhZHVybCI6Imh0dHA6Ly8xOTIuMTY4LjIwMC4xMjM6ODA4MCIsInVzZXIiOnsiaWQiOjMzLCJyb2wiOnsiaWQiOjMsIm5vbWJyZSI6IkplZmUgRElzdHJpdGFsIiwiZGVzY3JpcGNpb24iOiJKZWZlIERpc3RyaXRhbCIsImNvZGlnbyI6ImplZmVkaXN0IiwidXNyX2NyZWFjaW9uIjoiIiwiZmVjX2NyZWFjaW9uIjpudWxsLCJ1c3JfZWRpY2lvbiI6IiIsImZlY19lZGljaW9uIjpudWxsfSwidGlwb3VzdWFyaW8iOnsiaWQiOjIsIm5vbWJyZSI6IkNBUyIsImRlc2NyaXBjaW9uIjoiQ0FTIn0sImRuaSI6IjcyMTg4MDU5IiwiYXBlX3BhdCI6IlBlcmV6IiwiYXBlX21hdCI6IlBlcmV6Iiwibm9tYnJlIjoiRWxtZXIiLCJmZWNoYV9jb250cmF0b19pbmljaW8iOiIiLCJmZWNoYV9jb250cmF0b19leHRlbmRlZCI6IiIsImZlY2hhX2NvbnRyYXRvX2ZpbiI6IiIsImZlY2hhX25hY2ltaWVudG8iOiIiLCJlbWFpbF9pbnN0IjoiZXBlcmV6QGluZWkuZ29iLnBlIiwiZW1haWxfcGVyc29uYWwiOiJlcGVyZXpAZ21haWwuY29tIiwidXN1YXJpbyI6ImVwZXJleiIsImNsYXZlIjoiZXBlcmV6IiwidXNyX2NyZWFjaW9uIjoiIiwiZmVjX2NyZWFjaW9uIjpudWxsLCJ1c3JfZWRpY2lvbiI6IiIsImZlY19lZGljaW9uIjpudWxsLCJhY3Rpdm8iOjEsImNjZGQiOiIxNSIsImNjcHAiOiIwMSIsImNjZGkiOiIyNSIsInpvbmEiOiIifX0=", "expire_date": "2017-06-05T21:14:35.671Z"}}, {"model": "sessions.session", "pk": "nvqzfsyzcs40wxw2oy8vtdx3x0ryergc", "fields": {"session_data": "YzM3NjE0MmY2MmNmZDI3ZTk1MDliYWUxYWFlNWM1ZjlmZTcxMmJjYTp7InNlZ3VyaWRhZHVybCI6Imh0dHA6Ly8xOTIuMTY4LjIwMC4xMjM6ODA4MCIsInVzZXIiOnsiaWQiOjMzLCJyb2wiOnsiaWQiOjMsIm5vbWJyZSI6IkplZmUgRElzdHJpdGFsIiwiZGVzY3JpcGNpb24iOiJKZWZlIERpc3RyaXRhbCIsImNvZGlnbyI6ImplZmVkaXN0IiwidXNyX2NyZWFjaW9uIjoiIiwiZmVjX2NyZWFjaW9uIjpudWxsLCJ1c3JfZWRpY2lvbiI6IiIsImZlY19lZGljaW9uIjpudWxsfSwidGlwb3VzdWFyaW8iOnsiaWQiOjIsIm5vbWJyZSI6IkNBUyIsImRlc2NyaXBjaW9uIjoiQ0FTIn0sImRuaSI6IjcyMTg4MDU5IiwiYXBlX3BhdCI6IlBlcmV6IiwiYXBlX21hdCI6IlBlcmV6Iiwibm9tYnJlIjoiRWxtZXIiLCJmZWNoYV9jb250cmF0b19pbmljaW8iOiIiLCJmZWNoYV9jb250cmF0b19leHRlbmRlZCI6IiIsImZlY2hhX2NvbnRyYXRvX2ZpbiI6IiIsImZlY2hhX25hY2ltaWVudG8iOiIiLCJlbWFpbF9pbnN0IjoiZXBlcmV6QGluZWkuZ29iLnBlIiwiZW1haWxfcGVyc29uYWwiOiJlcGVyZXpAZ21haWwuY29tIiwidXN1YXJpbyI6ImVwZXJleiIsImNsYXZlIjoiZXBlcmV6IiwidXNyX2NyZWFjaW9uIjoiIiwiZmVjX2NyZWFjaW9uIjpudWxsLCJ1c3JfZWRpY2lvbiI6IiIsImZlY19lZGljaW9uIjpudWxsLCJhY3Rpdm8iOjEsImNjZGQiOiIxNSIsImNjcHAiOiIwMSIsImNjZGkiOiIyNSIsInpvbmEiOiIifX0=", "expire_date": "2017-06-05T22:46:56.880Z"}}, {"model": "sessions.session", "pk": "o28iulwtnf3j7jbrj43bdfmci5tt3qkx", "fields": {"session_data": "YzM3NjE0MmY2MmNmZDI3ZTk1MDliYWUxYWFlNWM1ZjlmZTcxMmJjYTp7InNlZ3VyaWRhZHVybCI6Imh0dHA6Ly8xOTIuMTY4LjIwMC4xMjM6ODA4MCIsInVzZXIiOnsiaWQiOjMzLCJyb2wiOnsiaWQiOjMsIm5vbWJyZSI6IkplZmUgRElzdHJpdGFsIiwiZGVzY3JpcGNpb24iOiJKZWZlIERpc3RyaXRhbCIsImNvZGlnbyI6ImplZmVkaXN0IiwidXNyX2NyZWFjaW9uIjoiIiwiZmVjX2NyZWFjaW9uIjpudWxsLCJ1c3JfZWRpY2lvbiI6IiIsImZlY19lZGljaW9uIjpudWxsfSwidGlwb3VzdWFyaW8iOnsiaWQiOjIsIm5vbWJyZSI6IkNBUyIsImRlc2NyaXBjaW9uIjoiQ0FTIn0sImRuaSI6IjcyMTg4MDU5IiwiYXBlX3BhdCI6IlBlcmV6IiwiYXBlX21hdCI6IlBlcmV6Iiwibm9tYnJlIjoiRWxtZXIiLCJmZWNoYV9jb250cmF0b19pbmljaW8iOiIiLCJmZWNoYV9jb250cmF0b19leHRlbmRlZCI6IiIsImZlY2hhX2NvbnRyYXRvX2ZpbiI6IiIsImZlY2hhX25hY2ltaWVudG8iOiIiLCJlbWFpbF9pbnN0IjoiZXBlcmV6QGluZWkuZ29iLnBlIiwiZW1haWxfcGVyc29uYWwiOiJlcGVyZXpAZ21haWwuY29tIiwidXN1YXJpbyI6ImVwZXJleiIsImNsYXZlIjoiZXBlcmV6IiwidXNyX2NyZWFjaW9uIjoiIiwiZmVjX2NyZWFjaW9uIjpudWxsLCJ1c3JfZWRpY2lvbiI6IiIsImZlY19lZGljaW9uIjpudWxsLCJhY3Rpdm8iOjEsImNjZGQiOiIxNSIsImNjcHAiOiIwMSIsImNjZGkiOiIyNSIsInpvbmEiOiIifX0=", "expire_date": "2017-06-05T22:33:36.740Z"}}, {"model": "sessions.session", "pk": "oarwrvtdleyw4zdmi5z9hdttox7byvop", "fields": {"session_data": "YzM3NjE0MmY2MmNmZDI3ZTk1MDliYWUxYWFlNWM1ZjlmZTcxMmJjYTp7InNlZ3VyaWRhZHVybCI6Imh0dHA6Ly8xOTIuMTY4LjIwMC4xMjM6ODA4MCIsInVzZXIiOnsiaWQiOjMzLCJyb2wiOnsiaWQiOjMsIm5vbWJyZSI6IkplZmUgRElzdHJpdGFsIiwiZGVzY3JpcGNpb24iOiJKZWZlIERpc3RyaXRhbCIsImNvZGlnbyI6ImplZmVkaXN0IiwidXNyX2NyZWFjaW9uIjoiIiwiZmVjX2NyZWFjaW9uIjpudWxsLCJ1c3JfZWRpY2lvbiI6IiIsImZlY19lZGljaW9uIjpudWxsfSwidGlwb3VzdWFyaW8iOnsiaWQiOjIsIm5vbWJyZSI6IkNBUyIsImRlc2NyaXBjaW9uIjoiQ0FTIn0sImRuaSI6IjcyMTg4MDU5IiwiYXBlX3BhdCI6IlBlcmV6IiwiYXBlX21hdCI6IlBlcmV6Iiwibm9tYnJlIjoiRWxtZXIiLCJmZWNoYV9jb250cmF0b19pbmljaW8iOiIiLCJmZWNoYV9jb250cmF0b19leHRlbmRlZCI6IiIsImZlY2hhX2NvbnRyYXRvX2ZpbiI6IiIsImZlY2hhX25hY2ltaWVudG8iOiIiLCJlbWFpbF9pbnN0IjoiZXBlcmV6QGluZWkuZ29iLnBlIiwiZW1haWxfcGVyc29uYWwiOiJlcGVyZXpAZ21haWwuY29tIiwidXN1YXJpbyI6ImVwZXJleiIsImNsYXZlIjoiZXBlcmV6IiwidXNyX2NyZWFjaW9uIjoiIiwiZmVjX2NyZWFjaW9uIjpudWxsLCJ1c3JfZWRpY2lvbiI6IiIsImZlY19lZGljaW9uIjpudWxsLCJhY3Rpdm8iOjEsImNjZGQiOiIxNSIsImNjcHAiOiIwMSIsImNjZGkiOiIyNSIsInpvbmEiOiIifX0=", "expire_date": "2017-06-05T23:22:42.406Z"}}, {"model": "sessions.session", "pk": "oh338827boa64v5cctq1e3oxje1hovw3", "fields": {"session_data": "NGRkMWJkOGVmOTM3ZjQwNmI4Yzg5MWVlMWFlYjVhNGUyM2I3YTM2NTp7fQ==", "expire_date": "2017-06-05T18:46:02.009Z"}}, {"model": "sessions.session", "pk": "ozswwe3t3rhho83sy2ns00xn4te00pyh", "fields": {"session_data": "Njc5NjUyNzQwMmM5YTdlMjYxYjgyMGUxOGIyNjk2Y2MwNjM1NjBlZTp7Ik1PRFVMT19JRCI6MTF9", "expire_date": "2017-06-05T19:55:27.848Z"}}, {"model": "sessions.session", "pk": "php0mx79kdkllyb4tfm4uz59zsw2ov27", "fields": {"session_data": "Njc5NjUyNzQwMmM5YTdlMjYxYjgyMGUxOGIyNjk2Y2MwNjM1NjBlZTp7Ik1PRFVMT19JRCI6MTF9", "expire_date": "2017-06-05T21:19:23.717Z"}}, {"model": "sessions.session", "pk": "qp7dj73mnbwko6leriq5j3ll3xlziqfc", "fields": {"session_data": "NmY4YzQ2ZDNjZDgyYjA2NjBmYTE0ZmYxNDRkNzhkMDBiNzU4ODllYTp7InNlZ3VyaWRhZHVybCI6Imh0dHA6Ly8xOTIuMTY4LjIwMC4xMjM6ODA4MCIsInVzZXIiOnsiaWQiOjEsInJvbCI6eyJpZCI6MSwibm9tYnJlIjoiQWRtaW5pc3RyYWRvciIsImRlc2NyaXBjaW9uIjoiQWRtaW5pc3RyYWRvciBkZWwgTW9kdWxvIGRlIFNlZ3VyaWRhZCIsImNvZGlnbyI6ImFkbSIsInVzcl9jcmVhY2lvbiI6IiIsImZlY19jcmVhY2lvbiI6bnVsbCwidXNyX2VkaWNpb24iOiIiLCJmZWNfZWRpY2lvbiI6bnVsbH0sInRpcG91c3VhcmlvIjp7ImlkIjoyLCJub21icmUiOiJDQVMiLCJkZXNjcmlwY2lvbiI6IkNBUyJ9LCJkbmkiOiI3MjE4ODA1OSIsImFwZV9wYXQiOiJGYXJmXHUwMGUxbiIsImFwZV9tYXQiOiJNZWxnYXIiLCJub21icmUiOiJMdWlzIEVkdWFyZG8iLCJmZWNoYV9jb250cmF0b19pbmljaW8iOiIyMDE1LTEwLTE1IiwiZmVjaGFfY29udHJhdG9fZXh0ZW5kZWQiOiIiLCJmZWNoYV9jb250cmF0b19maW4iOiIyMDE3LTAxLTE5IiwiZmVjaGFfbmFjaW1pZW50byI6IjE5OTMtMDgtMTQiLCJlbWFpbF9pbnN0IjoibHVpcy5mYXJmYW5AaW5laS5nb2IucGUiLCJlbWFpbF9wZXJzb25hbCI6Imx1Y2hvLmZhcmZhbjlAZ21haWwuY29tIiwidXN1YXJpbyI6ImxmYXJmYW4iLCJjbGF2ZSI6Imx1aXMxMjMiLCJ1c3JfY3JlYWNpb24iOiIiLCJmZWNfY3JlYWNpb24iOm51bGwsInVzcl9lZGljaW9uIjoiIiwiZmVjX2VkaWNpb24iOm51bGwsImFjdGl2byI6MSwiY2NkZCI6bnVsbCwiY2NwcCI6bnVsbCwiY2NkaSI6bnVsbCwiem9uYSI6bnVsbCwiYWRtaW5pc3RyYWRvciI6eyJwcm95ZWN0b3MiOltdLCJwcm95ZWN0b3NzaXN0ZW1hcyI6W119fX0=", "expire_date": "2017-06-05T20:41:57.158Z"}}, {"model": "sessions.session", "pk": "qsv7p0c2cngfjby7nnjzrlhcoio46rri", "fields": {"session_data": "YzM3NjE0MmY2MmNmZDI3ZTk1MDliYWUxYWFlNWM1ZjlmZTcxMmJjYTp7InNlZ3VyaWRhZHVybCI6Imh0dHA6Ly8xOTIuMTY4LjIwMC4xMjM6ODA4MCIsInVzZXIiOnsiaWQiOjMzLCJyb2wiOnsiaWQiOjMsIm5vbWJyZSI6IkplZmUgRElzdHJpdGFsIiwiZGVzY3JpcGNpb24iOiJKZWZlIERpc3RyaXRhbCIsImNvZGlnbyI6ImplZmVkaXN0IiwidXNyX2NyZWFjaW9uIjoiIiwiZmVjX2NyZWFjaW9uIjpudWxsLCJ1c3JfZWRpY2lvbiI6IiIsImZlY19lZGljaW9uIjpudWxsfSwidGlwb3VzdWFyaW8iOnsiaWQiOjIsIm5vbWJyZSI6IkNBUyIsImRlc2NyaXBjaW9uIjoiQ0FTIn0sImRuaSI6IjcyMTg4MDU5IiwiYXBlX3BhdCI6IlBlcmV6IiwiYXBlX21hdCI6IlBlcmV6Iiwibm9tYnJlIjoiRWxtZXIiLCJmZWNoYV9jb250cmF0b19pbmljaW8iOiIiLCJmZWNoYV9jb250cmF0b19leHRlbmRlZCI6IiIsImZlY2hhX2NvbnRyYXRvX2ZpbiI6IiIsImZlY2hhX25hY2ltaWVudG8iOiIiLCJlbWFpbF9pbnN0IjoiZXBlcmV6QGluZWkuZ29iLnBlIiwiZW1haWxfcGVyc29uYWwiOiJlcGVyZXpAZ21haWwuY29tIiwidXN1YXJpbyI6ImVwZXJleiIsImNsYXZlIjoiZXBlcmV6IiwidXNyX2NyZWFjaW9uIjoiIiwiZmVjX2NyZWFjaW9uIjpudWxsLCJ1c3JfZWRpY2lvbiI6IiIsImZlY19lZGljaW9uIjpudWxsLCJhY3Rpdm8iOjEsImNjZGQiOiIxNSIsImNjcHAiOiIwMSIsImNjZGkiOiIyNSIsInpvbmEiOiIifX0=", "expire_date": "2017-06-06T02:19:28.690Z"}}, {"model": "sessions.session", "pk": "r5tcn8qw53iewoqduh2qs37k9qxocjf2", "fields": {"session_data": "YzM3NjE0MmY2MmNmZDI3ZTk1MDliYWUxYWFlNWM1ZjlmZTcxMmJjYTp7InNlZ3VyaWRhZHVybCI6Imh0dHA6Ly8xOTIuMTY4LjIwMC4xMjM6ODA4MCIsInVzZXIiOnsiaWQiOjMzLCJyb2wiOnsiaWQiOjMsIm5vbWJyZSI6IkplZmUgRElzdHJpdGFsIiwiZGVzY3JpcGNpb24iOiJKZWZlIERpc3RyaXRhbCIsImNvZGlnbyI6ImplZmVkaXN0IiwidXNyX2NyZWFjaW9uIjoiIiwiZmVjX2NyZWFjaW9uIjpudWxsLCJ1c3JfZWRpY2lvbiI6IiIsImZlY19lZGljaW9uIjpudWxsfSwidGlwb3VzdWFyaW8iOnsiaWQiOjIsIm5vbWJyZSI6IkNBUyIsImRlc2NyaXBjaW9uIjoiQ0FTIn0sImRuaSI6IjcyMTg4MDU5IiwiYXBlX3BhdCI6IlBlcmV6IiwiYXBlX21hdCI6IlBlcmV6Iiwibm9tYnJlIjoiRWxtZXIiLCJmZWNoYV9jb250cmF0b19pbmljaW8iOiIiLCJmZWNoYV9jb250cmF0b19leHRlbmRlZCI6IiIsImZlY2hhX2NvbnRyYXRvX2ZpbiI6IiIsImZlY2hhX25hY2ltaWVudG8iOiIiLCJlbWFpbF9pbnN0IjoiZXBlcmV6QGluZWkuZ29iLnBlIiwiZW1haWxfcGVyc29uYWwiOiJlcGVyZXpAZ21haWwuY29tIiwidXN1YXJpbyI6ImVwZXJleiIsImNsYXZlIjoiZXBlcmV6IiwidXNyX2NyZWFjaW9uIjoiIiwiZmVjX2NyZWFjaW9uIjpudWxsLCJ1c3JfZWRpY2lvbiI6IiIsImZlY19lZGljaW9uIjpudWxsLCJhY3Rpdm8iOjEsImNjZGQiOiIxNSIsImNjcHAiOiIwMSIsImNjZGkiOiIyNSIsInpvbmEiOiIifX0=", "expire_date": "2017-06-05T19:24:42.036Z"}}, {"model": "sessions.session", "pk": "rjm6yf4adf2ix5qeh6xcp7eokhdvvnce", "fields": {"session_data": "YzM3NjE0MmY2MmNmZDI3ZTk1MDliYWUxYWFlNWM1ZjlmZTcxMmJjYTp7InNlZ3VyaWRhZHVybCI6Imh0dHA6Ly8xOTIuMTY4LjIwMC4xMjM6ODA4MCIsInVzZXIiOnsiaWQiOjMzLCJyb2wiOnsiaWQiOjMsIm5vbWJyZSI6IkplZmUgRElzdHJpdGFsIiwiZGVzY3JpcGNpb24iOiJKZWZlIERpc3RyaXRhbCIsImNvZGlnbyI6ImplZmVkaXN0IiwidXNyX2NyZWFjaW9uIjoiIiwiZmVjX2NyZWFjaW9uIjpudWxsLCJ1c3JfZWRpY2lvbiI6IiIsImZlY19lZGljaW9uIjpudWxsfSwidGlwb3VzdWFyaW8iOnsiaWQiOjIsIm5vbWJyZSI6IkNBUyIsImRlc2NyaXBjaW9uIjoiQ0FTIn0sImRuaSI6IjcyMTg4MDU5IiwiYXBlX3BhdCI6IlBlcmV6IiwiYXBlX21hdCI6IlBlcmV6Iiwibm9tYnJlIjoiRWxtZXIiLCJmZWNoYV9jb250cmF0b19pbmljaW8iOiIiLCJmZWNoYV9jb250cmF0b19leHRlbmRlZCI6IiIsImZlY2hhX2NvbnRyYXRvX2ZpbiI6IiIsImZlY2hhX25hY2ltaWVudG8iOiIiLCJlbWFpbF9pbnN0IjoiZXBlcmV6QGluZWkuZ29iLnBlIiwiZW1haWxfcGVyc29uYWwiOiJlcGVyZXpAZ21haWwuY29tIiwidXN1YXJpbyI6ImVwZXJleiIsImNsYXZlIjoiZXBlcmV6IiwidXNyX2NyZWFjaW9uIjoiIiwiZmVjX2NyZWFjaW9uIjpudWxsLCJ1c3JfZWRpY2lvbiI6IiIsImZlY19lZGljaW9uIjpudWxsLCJhY3Rpdm8iOjEsImNjZGQiOiIxNSIsImNjcHAiOiIwMSIsImNjZGkiOiIyNSIsInpvbmEiOiIifX0=", "expire_date": "2017-06-05T20:44:51.766Z"}}, {"model": "sessions.session", "pk": "tm3ytd46bv5gzxo4vozer975v6kbdahe", "fields": {"session_data": "YzM3NjE0MmY2MmNmZDI3ZTk1MDliYWUxYWFlNWM1ZjlmZTcxMmJjYTp7InNlZ3VyaWRhZHVybCI6Imh0dHA6Ly8xOTIuMTY4LjIwMC4xMjM6ODA4MCIsInVzZXIiOnsiaWQiOjMzLCJyb2wiOnsiaWQiOjMsIm5vbWJyZSI6IkplZmUgRElzdHJpdGFsIiwiZGVzY3JpcGNpb24iOiJKZWZlIERpc3RyaXRhbCIsImNvZGlnbyI6ImplZmVkaXN0IiwidXNyX2NyZWFjaW9uIjoiIiwiZmVjX2NyZWFjaW9uIjpudWxsLCJ1c3JfZWRpY2lvbiI6IiIsImZlY19lZGljaW9uIjpudWxsfSwidGlwb3VzdWFyaW8iOnsiaWQiOjIsIm5vbWJyZSI6IkNBUyIsImRlc2NyaXBjaW9uIjoiQ0FTIn0sImRuaSI6IjcyMTg4MDU5IiwiYXBlX3BhdCI6IlBlcmV6IiwiYXBlX21hdCI6IlBlcmV6Iiwibm9tYnJlIjoiRWxtZXIiLCJmZWNoYV9jb250cmF0b19pbmljaW8iOiIiLCJmZWNoYV9jb250cmF0b19leHRlbmRlZCI6IiIsImZlY2hhX2NvbnRyYXRvX2ZpbiI6IiIsImZlY2hhX25hY2ltaWVudG8iOiIiLCJlbWFpbF9pbnN0IjoiZXBlcmV6QGluZWkuZ29iLnBlIiwiZW1haWxfcGVyc29uYWwiOiJlcGVyZXpAZ21haWwuY29tIiwidXN1YXJpbyI6ImVwZXJleiIsImNsYXZlIjoiZXBlcmV6IiwidXNyX2NyZWFjaW9uIjoiIiwiZmVjX2NyZWFjaW9uIjpudWxsLCJ1c3JfZWRpY2lvbiI6IiIsImZlY19lZGljaW9uIjpudWxsLCJhY3Rpdm8iOjEsImNjZGQiOiIxNSIsImNjcHAiOiIwMSIsImNjZGkiOiIyNSIsInpvbmEiOiIifX0=", "expire_date": "2017-06-05T23:44:27.952Z"}}, {"model": "sessions.session", "pk": "tqswkibd8udhvk14vg19tonwupjf7hr6", "fields": {"session_data": "YjYxNzhkZTJiNTExYTE0MGVkZWU5ZWE2MTU5MzE2YmJjZWQyOWE3NTp7InVzZXIiOnsiaWQiOjEsInJvbCI6eyJpZCI6MSwibm9tYnJlIjoiQWRtaW5pc3RyYWRvciIsImRlc2NyaXBjaW9uIjoiQWRtaW5pc3RyYWRvciBkZWwgTW9kdWxvIGRlIFNlZ3VyaWRhZCIsImNvZGlnbyI6ImFkbSIsInVzcl9jcmVhY2lvbiI6IiIsImZlY19jcmVhY2lvbiI6bnVsbCwidXNyX2VkaWNpb24iOiIiLCJmZWNfZWRpY2lvbiI6bnVsbH0sInRpcG91c3VhcmlvIjp7ImlkIjoyLCJub21icmUiOiJDQVMiLCJkZXNjcmlwY2lvbiI6IkNBUyJ9LCJkbmkiOiI3MjE4ODA1OSIsImFwZV9wYXQiOiJGYXJmXHUwMGUxbiIsImFwZV9tYXQiOiJNZWxnYXIiLCJub21icmUiOiJMdWlzIEVkdWFyZG8iLCJmZWNoYV9jb250cmF0b19pbmljaW8iOiIyMDE1LTEwLTE1IiwiZmVjaGFfY29udHJhdG9fZXh0ZW5kZWQiOiIiLCJmZWNoYV9jb250cmF0b19maW4iOiIyMDE3LTAxLTE5IiwiZmVjaGFfbmFjaW1pZW50byI6IjE5OTMtMDgtMTQiLCJlbWFpbF9pbnN0IjoibHVpcy5mYXJmYW5AaW5laS5nb2IucGUiLCJlbWFpbF9wZXJzb25hbCI6Imx1Y2hvLmZhcmZhbjlAZ21haWwuY29tIiwidXN1YXJpbyI6ImxmYXJmYW4iLCJjbGF2ZSI6Imx1aXMxMjMiLCJ1c3JfY3JlYWNpb24iOiIiLCJmZWNfY3JlYWNpb24iOm51bGwsInVzcl9lZGljaW9uIjoiIiwiZmVjX2VkaWNpb24iOm51bGwsImFjdGl2byI6MSwiY2NkZCI6bnVsbCwiY2NwcCI6bnVsbCwiY2NkaSI6bnVsbCwiem9uYSI6bnVsbCwiYWRtaW5pc3RyYWRvciI6eyJwcm95ZWN0b3MiOltdLCJwcm95ZWN0b3NzaXN0ZW1hcyI6W119fSwic2VndXJpZGFkdXJsIjoiaHR0cDovLzE5Mi4xNjguMjAwLjEyMzo4MDgwIn0=", "expire_date": "2017-06-05T13:42:04.919Z"}}, {"model": "sessions.session", "pk": "u0ny6ejk4ea2zhhxi87aac3dgm0o6bpl", "fields": {"session_data": "Njc5NjUyNzQwMmM5YTdlMjYxYjgyMGUxOGIyNjk2Y2MwNjM1NjBlZTp7Ik1PRFVMT19JRCI6MTF9", "expire_date": "2017-06-05T15:17:36.144Z"}}, {"model": "sessions.session", "pk": "u4cdl1wnxc4kpwh87ynrot7kdsw0hjdj", "fields": {"session_data": "Y2M2OGE1MjI2YjdkNDAyNjQ3MTE5NDAzMTE0ZDI4ZjJhZDYxMTNjMDp7Ik1PRFVMT19JRCI6MTB9", "expire_date": "2017-06-06T02:48:37.405Z"}}, {"model": "sessions.session", "pk": "uiq29m8dqfjsmxsm83u15m2xgto9eh6v", "fields": {"session_data": "YjcwZTNlNjA4YzM2MDVmNGI2ODQ3MTFjN2I0NzRjYWQxMzJjM2MxZjp7Ik1PRFVMT19JRCI6MTR9", "expire_date": "2017-06-05T19:26:19.927Z"}}, {"model": "sessions.session", "pk": "v7uxdbhtbgrqkaypdwh9pi7jts6odspe", "fields": {"session_data": "YzM3NjE0MmY2MmNmZDI3ZTk1MDliYWUxYWFlNWM1ZjlmZTcxMmJjYTp7InNlZ3VyaWRhZHVybCI6Imh0dHA6Ly8xOTIuMTY4LjIwMC4xMjM6ODA4MCIsInVzZXIiOnsiaWQiOjMzLCJyb2wiOnsiaWQiOjMsIm5vbWJyZSI6IkplZmUgRElzdHJpdGFsIiwiZGVzY3JpcGNpb24iOiJKZWZlIERpc3RyaXRhbCIsImNvZGlnbyI6ImplZmVkaXN0IiwidXNyX2NyZWFjaW9uIjoiIiwiZmVjX2NyZWFjaW9uIjpudWxsLCJ1c3JfZWRpY2lvbiI6IiIsImZlY19lZGljaW9uIjpudWxsfSwidGlwb3VzdWFyaW8iOnsiaWQiOjIsIm5vbWJyZSI6IkNBUyIsImRlc2NyaXBjaW9uIjoiQ0FTIn0sImRuaSI6IjcyMTg4MDU5IiwiYXBlX3BhdCI6IlBlcmV6IiwiYXBlX21hdCI6IlBlcmV6Iiwibm9tYnJlIjoiRWxtZXIiLCJmZWNoYV9jb250cmF0b19pbmljaW8iOiIiLCJmZWNoYV9jb250cmF0b19leHRlbmRlZCI6IiIsImZlY2hhX2NvbnRyYXRvX2ZpbiI6IiIsImZlY2hhX25hY2ltaWVudG8iOiIiLCJlbWFpbF9pbnN0IjoiZXBlcmV6QGluZWkuZ29iLnBlIiwiZW1haWxfcGVyc29uYWwiOiJlcGVyZXpAZ21haWwuY29tIiwidXN1YXJpbyI6ImVwZXJleiIsImNsYXZlIjoiZXBlcmV6IiwidXNyX2NyZWFjaW9uIjoiIiwiZmVjX2NyZWFjaW9uIjpudWxsLCJ1c3JfZWRpY2lvbiI6IiIsImZlY19lZGljaW9uIjpudWxsLCJhY3Rpdm8iOjEsImNjZGQiOiIxNSIsImNjcHAiOiIwMSIsImNjZGkiOiIyNSIsInpvbmEiOiIifX0=", "expire_date": "2017-06-05T21:42:51.275Z"}}, {"model": "sessions.session", "pk": "vg66ng2bb038kuqtxo5780nrkxddkuxn", "fields": {"session_data": "YjcwNzEwNjBlNzViOWFkZDg2ZmNkOTY0OWMyNTQ2OTU5YTRkZjY4ZTp7InNlZ3VyaWRhZHVybCI6Imh0dHA6Ly8xOTIuMTY4LjIwMC4xMjM6ODA4MCIsInVzZXIiOnsiaWQiOjM0LCJyb2wiOnsiaWQiOjcsIm5vbWJyZSI6IkplZmUgRGlzdHJpdGFsIiwiZGVzY3JpcGNpb24iOiJKZWZlIERpc3RyaXRhbCIsImNvZGlnbyI6ImplZmVkaXN0IiwidXNyX2NyZWFjaW9uIjpudWxsLCJmZWNfY3JlYWNpb24iOm51bGwsInVzcl9lZGljaW9uIjpudWxsLCJmZWNfZWRpY2lvbiI6bnVsbH0sInRpcG91c3VhcmlvIjp7ImlkIjozLCJub21icmUiOiJMT0NBQ0lcdTAwZDNOIiwiZGVzY3JpcGNpb24iOiJMT0NBQ0lcdTAwZDNOIn0sImRuaSI6Ijk5OTk5OTkiLCJhcGVfcGF0IjoiUGFjaGVycmVzIiwiYXBlX21hdCI6IlBhY2hlcnJlcyIsIm5vbWJyZSI6IkxpbGlhbmEiLCJmZWNoYV9jb250cmF0b19pbmljaW8iOiIiLCJmZWNoYV9jb250cmF0b19leHRlbmRlZCI6IiIsImZlY2hhX2NvbnRyYXRvX2ZpbiI6IiIsImZlY2hhX25hY2ltaWVudG8iOm51bGwsImVtYWlsX2luc3QiOiJsaWxpYW5hLnBhY2hlcnJlc0BpbmVpLmdvYi5wZSIsImVtYWlsX3BlcnNvbmFsIjoibGlsaWFuYS5wYWNoZXJyZXNAZ21haWwuY29tIiwidXN1YXJpbyI6InVzZXIxNTAxMjUiLCJjbGF2ZSI6IjEyMzQ1NiIsInVzcl9jcmVhY2lvbiI6bnVsbCwiZmVjX2NyZWFjaW9uIjpudWxsLCJ1c3JfZWRpY2lvbiI6bnVsbCwiZmVjX2VkaWNpb24iOm51bGwsImFjdGl2byI6MSwiY2NkZCI6IjE1IiwiY2NwcCI6IjAxIiwiY2NkaSI6IjI1Iiwiem9uYSI6bnVsbH19", "expire_date": "2017-06-06T14:07:37.342Z"}}, {"model": "sessions.session", "pk": "waxww5ladcodm527h7ujlajho9g759ns", "fields": {"session_data": "YjcwZTNlNjA4YzM2MDVmNGI2ODQ3MTFjN2I0NzRjYWQxMzJjM2MxZjp7Ik1PRFVMT19JRCI6MTR9", "expire_date": "2017-06-05T23:34:43.083Z"}}, {"model": "sessions.session", "pk": "wh2lvr9d0luohu2qbmw19v8kh5ccew7d", "fields": {"session_data": "YjcwZTNlNjA4YzM2MDVmNGI2ODQ3MTFjN2I0NzRjYWQxMzJjM2MxZjp7Ik1PRFVMT19JRCI6MTR9", "expire_date": "2017-06-05T22:32:53.879Z"}}, {"model": "sessions.session", "pk": "x45f18ssn4feknrquosu4z3hw5sbzj4p", "fields": {"session_data": "ZjZlODRkYmI1NzQyYmRiMjA0MTY5ZWY2OGQ3OTBlNWViMDgyMGRkMzp7InNlZ3VyaWRhZHVybCI6Imh0dHA6Ly8xOTIuMTY4LjIwMC4xMjM6ODA4MCIsInVzZXIiOnsiaWQiOjMzLCJyb2wiOnsiaWQiOjIsIm5vbWJyZSI6IkplZmUgZGUgWm9uYSIsImRlc2NyaXBjaW9uIjoiSmVmZSBkZSBab25hIHBhcmEgZWwgU2lzdGVtYSBkZSBDYXBhY2l0YWNpXHUwMGYzbiIsImNvZGlnbyI6ImplZmV6b25hIiwidXNyX2NyZWFjaW9uIjoiIiwiZmVjX2NyZWFjaW9uIjpudWxsLCJ1c3JfZWRpY2lvbiI6IiIsImZlY19lZGljaW9uIjpudWxsfSwidGlwb3VzdWFyaW8iOnsiaWQiOjIsIm5vbWJyZSI6IkNBUyIsImRlc2NyaXBjaW9uIjoiQ0FTIn0sImRuaSI6IjcyMTg4MDU5IiwiYXBlX3BhdCI6IlBlcmV6IiwiYXBlX21hdCI6IlBlcmV6Iiwibm9tYnJlIjoiRWxtZXIiLCJmZWNoYV9jb250cmF0b19pbmljaW8iOiIiLCJmZWNoYV9jb250cmF0b19leHRlbmRlZCI6IiIsImZlY2hhX2NvbnRyYXRvX2ZpbiI6IiIsImZlY2hhX25hY2ltaWVudG8iOiIiLCJlbWFpbF9pbnN0IjoiZXBlcmV6QGluZWkuZ29iLnBlIiwiZW1haWxfcGVyc29uYWwiOiJlcGVyZXpAZ21haWwuY29tIiwidXN1YXJpbyI6ImVwZXJleiIsImNsYXZlIjoiZXBlcmV6IiwidXNyX2NyZWFjaW9uIjoiIiwiZmVjX2NyZWFjaW9uIjpudWxsLCJ1c3JfZWRpY2lvbiI6IiIsImZlY19lZGljaW9uIjpudWxsLCJhY3Rpdm8iOjEsImNjZGQiOiIxNSIsImNjcHAiOiIwMSIsImNjZGkiOiIyNSIsInpvbmEiOiIifX0=", "expire_date": "2017-06-05T15:17:35.835Z"}}, {"model": "sessions.session", "pk": "xbohajwdodygcbmur24rspc0m7bypazz", "fields": {"session_data": "YjcwNzEwNjBlNzViOWFkZDg2ZmNkOTY0OWMyNTQ2OTU5YTRkZjY4ZTp7InNlZ3VyaWRhZHVybCI6Imh0dHA6Ly8xOTIuMTY4LjIwMC4xMjM6ODA4MCIsInVzZXIiOnsiaWQiOjM0LCJyb2wiOnsiaWQiOjcsIm5vbWJyZSI6IkplZmUgRGlzdHJpdGFsIiwiZGVzY3JpcGNpb24iOiJKZWZlIERpc3RyaXRhbCIsImNvZGlnbyI6ImplZmVkaXN0IiwidXNyX2NyZWFjaW9uIjpudWxsLCJmZWNfY3JlYWNpb24iOm51bGwsInVzcl9lZGljaW9uIjpudWxsLCJmZWNfZWRpY2lvbiI6bnVsbH0sInRpcG91c3VhcmlvIjp7ImlkIjozLCJub21icmUiOiJMT0NBQ0lcdTAwZDNOIiwiZGVzY3JpcGNpb24iOiJMT0NBQ0lcdTAwZDNOIn0sImRuaSI6Ijk5OTk5OTkiLCJhcGVfcGF0IjoiUGFjaGVycmVzIiwiYXBlX21hdCI6IlBhY2hlcnJlcyIsIm5vbWJyZSI6IkxpbGlhbmEiLCJmZWNoYV9jb250cmF0b19pbmljaW8iOiIiLCJmZWNoYV9jb250cmF0b19leHRlbmRlZCI6IiIsImZlY2hhX2NvbnRyYXRvX2ZpbiI6IiIsImZlY2hhX25hY2ltaWVudG8iOm51bGwsImVtYWlsX2luc3QiOiJsaWxpYW5hLnBhY2hlcnJlc0BpbmVpLmdvYi5wZSIsImVtYWlsX3BlcnNvbmFsIjoibGlsaWFuYS5wYWNoZXJyZXNAZ21haWwuY29tIiwidXN1YXJpbyI6InVzZXIxNTAxMjUiLCJjbGF2ZSI6IjEyMzQ1NiIsInVzcl9jcmVhY2lvbiI6bnVsbCwiZmVjX2NyZWFjaW9uIjpudWxsLCJ1c3JfZWRpY2lvbiI6bnVsbCwiZmVjX2VkaWNpb24iOm51bGwsImFjdGl2byI6MSwiY2NkZCI6IjE1IiwiY2NwcCI6IjAxIiwiY2NkaSI6IjI1Iiwiem9uYSI6bnVsbH19", "expire_date": "2017-06-06T17:54:24.282Z"}}, {"model": "sessions.session", "pk": "y2zlzflbqy8qw945s06zf8ba60kdswtc", "fields": {"session_data": "YzM3NjE0MmY2MmNmZDI3ZTk1MDliYWUxYWFlNWM1ZjlmZTcxMmJjYTp7InNlZ3VyaWRhZHVybCI6Imh0dHA6Ly8xOTIuMTY4LjIwMC4xMjM6ODA4MCIsInVzZXIiOnsiaWQiOjMzLCJyb2wiOnsiaWQiOjMsIm5vbWJyZSI6IkplZmUgRElzdHJpdGFsIiwiZGVzY3JpcGNpb24iOiJKZWZlIERpc3RyaXRhbCIsImNvZGlnbyI6ImplZmVkaXN0IiwidXNyX2NyZWFjaW9uIjoiIiwiZmVjX2NyZWFjaW9uIjpudWxsLCJ1c3JfZWRpY2lvbiI6IiIsImZlY19lZGljaW9uIjpudWxsfSwidGlwb3VzdWFyaW8iOnsiaWQiOjIsIm5vbWJyZSI6IkNBUyIsImRlc2NyaXBjaW9uIjoiQ0FTIn0sImRuaSI6IjcyMTg4MDU5IiwiYXBlX3BhdCI6IlBlcmV6IiwiYXBlX21hdCI6IlBlcmV6Iiwibm9tYnJlIjoiRWxtZXIiLCJmZWNoYV9jb250cmF0b19pbmljaW8iOiIiLCJmZWNoYV9jb250cmF0b19leHRlbmRlZCI6IiIsImZlY2hhX2NvbnRyYXRvX2ZpbiI6IiIsImZlY2hhX25hY2ltaWVudG8iOiIiLCJlbWFpbF9pbnN0IjoiZXBlcmV6QGluZWkuZ29iLnBlIiwiZW1haWxfcGVyc29uYWwiOiJlcGVyZXpAZ21haWwuY29tIiwidXN1YXJpbyI6ImVwZXJleiIsImNsYXZlIjoiZXBlcmV6IiwidXNyX2NyZWFjaW9uIjoiIiwiZmVjX2NyZWFjaW9uIjpudWxsLCJ1c3JfZWRpY2lvbiI6IiIsImZlY19lZGljaW9uIjpudWxsLCJhY3Rpdm8iOjEsImNjZGQiOiIxNSIsImNjcHAiOiIwMSIsImNjZGkiOiIyNSIsInpvbmEiOiIifX0=", "expire_date": "2017-06-05T19:04:12.682Z"}}, {"model": "sessions.session", "pk": "yfb0euf8wasfwzl3h0id5j8ufhzt9ae2", "fields": {"session_data": "YzM3NjE0MmY2MmNmZDI3ZTk1MDliYWUxYWFlNWM1ZjlmZTcxMmJjYTp7InNlZ3VyaWRhZHVybCI6Imh0dHA6Ly8xOTIuMTY4LjIwMC4xMjM6ODA4MCIsInVzZXIiOnsiaWQiOjMzLCJyb2wiOnsiaWQiOjMsIm5vbWJyZSI6IkplZmUgRElzdHJpdGFsIiwiZGVzY3JpcGNpb24iOiJKZWZlIERpc3RyaXRhbCIsImNvZGlnbyI6ImplZmVkaXN0IiwidXNyX2NyZWFjaW9uIjoiIiwiZmVjX2NyZWFjaW9uIjpudWxsLCJ1c3JfZWRpY2lvbiI6IiIsImZlY19lZGljaW9uIjpudWxsfSwidGlwb3VzdWFyaW8iOnsiaWQiOjIsIm5vbWJyZSI6IkNBUyIsImRlc2NyaXBjaW9uIjoiQ0FTIn0sImRuaSI6IjcyMTg4MDU5IiwiYXBlX3BhdCI6IlBlcmV6IiwiYXBlX21hdCI6IlBlcmV6Iiwibm9tYnJlIjoiRWxtZXIiLCJmZWNoYV9jb250cmF0b19pbmljaW8iOiIiLCJmZWNoYV9jb250cmF0b19leHRlbmRlZCI6IiIsImZlY2hhX2NvbnRyYXRvX2ZpbiI6IiIsImZlY2hhX25hY2ltaWVudG8iOiIiLCJlbWFpbF9pbnN0IjoiZXBlcmV6QGluZWkuZ29iLnBlIiwiZW1haWxfcGVyc29uYWwiOiJlcGVyZXpAZ21haWwuY29tIiwidXN1YXJpbyI6ImVwZXJleiIsImNsYXZlIjoiZXBlcmV6IiwidXNyX2NyZWFjaW9uIjoiIiwiZmVjX2NyZWFjaW9uIjpudWxsLCJ1c3JfZWRpY2lvbiI6IiIsImZlY19lZGljaW9uIjpudWxsLCJhY3Rpdm8iOjEsImNjZGQiOiIxNSIsImNjcHAiOiIwMSIsImNjZGkiOiIyNSIsInpvbmEiOiIifX0=", "expire_date": "2017-06-05T23:10:07.116Z"}}, {"model": "sessions.session", "pk": "z393nucecsnug4obpr2t2nwmmjguvtu5", "fields": {"session_data": "YzM3NjE0MmY2MmNmZDI3ZTk1MDliYWUxYWFlNWM1ZjlmZTcxMmJjYTp7InNlZ3VyaWRhZHVybCI6Imh0dHA6Ly8xOTIuMTY4LjIwMC4xMjM6ODA4MCIsInVzZXIiOnsiaWQiOjMzLCJyb2wiOnsiaWQiOjMsIm5vbWJyZSI6IkplZmUgRElzdHJpdGFsIiwiZGVzY3JpcGNpb24iOiJKZWZlIERpc3RyaXRhbCIsImNvZGlnbyI6ImplZmVkaXN0IiwidXNyX2NyZWFjaW9uIjoiIiwiZmVjX2NyZWFjaW9uIjpudWxsLCJ1c3JfZWRpY2lvbiI6IiIsImZlY19lZGljaW9uIjpudWxsfSwidGlwb3VzdWFyaW8iOnsiaWQiOjIsIm5vbWJyZSI6IkNBUyIsImRlc2NyaXBjaW9uIjoiQ0FTIn0sImRuaSI6IjcyMTg4MDU5IiwiYXBlX3BhdCI6IlBlcmV6IiwiYXBlX21hdCI6IlBlcmV6Iiwibm9tYnJlIjoiRWxtZXIiLCJmZWNoYV9jb250cmF0b19pbmljaW8iOiIiLCJmZWNoYV9jb250cmF0b19leHRlbmRlZCI6IiIsImZlY2hhX2NvbnRyYXRvX2ZpbiI6IiIsImZlY2hhX25hY2ltaWVudG8iOiIiLCJlbWFpbF9pbnN0IjoiZXBlcmV6QGluZWkuZ29iLnBlIiwiZW1haWxfcGVyc29uYWwiOiJlcGVyZXpAZ21haWwuY29tIiwidXN1YXJpbyI6ImVwZXJleiIsImNsYXZlIjoiZXBlcmV6IiwidXNyX2NyZWFjaW9uIjoiIiwiZmVjX2NyZWFjaW9uIjpudWxsLCJ1c3JfZWRpY2lvbiI6IiIsImZlY19lZGljaW9uIjpudWxsLCJhY3Rpdm8iOjEsImNjZGQiOiIxNSIsImNjcHAiOiIwMSIsImNjZGkiOiIyNSIsInpvbmEiOiIifX0=", "expire_date": "2017-06-05T23:40:28.518Z"}}, {"model": "sessions.session", "pk": "zbwi8z82o46ieyoutd9jel5m3c279hin", "fields": {"session_data": "ZjZlODRkYmI1NzQyYmRiMjA0MTY5ZWY2OGQ3OTBlNWViMDgyMGRkMzp7InNlZ3VyaWRhZHVybCI6Imh0dHA6Ly8xOTIuMTY4LjIwMC4xMjM6ODA4MCIsInVzZXIiOnsiaWQiOjMzLCJyb2wiOnsiaWQiOjIsIm5vbWJyZSI6IkplZmUgZGUgWm9uYSIsImRlc2NyaXBjaW9uIjoiSmVmZSBkZSBab25hIHBhcmEgZWwgU2lzdGVtYSBkZSBDYXBhY2l0YWNpXHUwMGYzbiIsImNvZGlnbyI6ImplZmV6b25hIiwidXNyX2NyZWFjaW9uIjoiIiwiZmVjX2NyZWFjaW9uIjpudWxsLCJ1c3JfZWRpY2lvbiI6IiIsImZlY19lZGljaW9uIjpudWxsfSwidGlwb3VzdWFyaW8iOnsiaWQiOjIsIm5vbWJyZSI6IkNBUyIsImRlc2NyaXBjaW9uIjoiQ0FTIn0sImRuaSI6IjcyMTg4MDU5IiwiYXBlX3BhdCI6IlBlcmV6IiwiYXBlX21hdCI6IlBlcmV6Iiwibm9tYnJlIjoiRWxtZXIiLCJmZWNoYV9jb250cmF0b19pbmljaW8iOiIiLCJmZWNoYV9jb250cmF0b19leHRlbmRlZCI6IiIsImZlY2hhX2NvbnRyYXRvX2ZpbiI6IiIsImZlY2hhX25hY2ltaWVudG8iOiIiLCJlbWFpbF9pbnN0IjoiZXBlcmV6QGluZWkuZ29iLnBlIiwiZW1haWxfcGVyc29uYWwiOiJlcGVyZXpAZ21haWwuY29tIiwidXN1YXJpbyI6ImVwZXJleiIsImNsYXZlIjoiZXBlcmV6IiwidXNyX2NyZWFjaW9uIjoiIiwiZmVjX2NyZWFjaW9uIjpudWxsLCJ1c3JfZWRpY2lvbiI6IiIsImZlY19lZGljaW9uIjpudWxsLCJhY3Rpdm8iOjEsImNjZGQiOiIxNSIsImNjcHAiOiIwMSIsImNjZGkiOiIyNSIsInpvbmEiOiIifX0=", "expire_date": "2017-06-05T13:59:07.054Z"}}, {"model": "sessions.session", "pk": "zgz31w2e9j6ggssksuvmcyjqwlac3am0", "fields": {"session_data": "YjcwZTNlNjA4YzM2MDVmNGI2ODQ3MTFjN2I0NzRjYWQxMzJjM2MxZjp7Ik1PRFVMT19JRCI6MTR9", "expire_date": "2017-06-06T17:14:04.970Z"}}, {"model": "sessions.session", "pk": "zufp130kf15gxyo7e93af6sve9jxvlp2", "fields": {"session_data": "NGRkMWJkOGVmOTM3ZjQwNmI4Yzg5MWVlMWFlYjVhNGUyM2I3YTM2NTp7fQ==", "expire_date": "2017-06-05T20:03:46.175Z"}}, {"model": "sessions.session", "pk": "zuw9mhtz4lcpbeoaxu7uog46s580bxej", "fields": {"session_data": "YWNmODgxZjIwMGZiYTQxNmE4Y2IxMDYyNmQzYTNhYmE0ZmM3NmRjZjp7Ik1PRFVMT19JRCI6MTJ9", "expire_date": "2017-06-05T20:39:23.504Z"}}, {"model": "proyectos.proyecto", "pk": 1, "fields": {"id_siga": 1, "nombre": "CENSOS NACIONALES 2017", "sigla": "CPV", "anio": 2017, "descripcion": "CENSOS NACIONALES 2017", "fecha_inicio": null, "fecha_fin": null, "cod_meta": "030", "estado": 1, "usr_creacion": "", "fec_creacion": null, "usr_edicion": "", "fec_edicion": null}}, {"model": "proyectos.proyectosistema", "pk": 1, "fields": {"proyectos": 1, "sistemas": 1, "url_base": "192.168.200.123:8080", "codigo": "cpvseguridad", "servidor_bd": "172.18.1.41", "nombre_bd": "SEGURIDAD", "url_receive": "192.168.200.123:8080/proyectos", "presentacion_icon": null, "presentacion_nombre": "SISTEMA DE SEGURIDAD DE APLICACIONES", "usr_creacion": "", "fec_creacion": null, "usr_edicion": "", "fec_edicion": null, "presentation_image": "icon5.png"}}, {"model": "proyectos.proyectosistema", "pk": 26, "fields": {"proyectos": 1, "sistemas": 11, "url_base": "UDRA.INEI.GOB.PE", "codigo": "udra", "servidor_bd": "172.18.1.41", "nombre_bd": "BDLOGISTICA", "url_receive": "udra.inei.gob.pe/welcome", "presentacion_icon": null, "presentacion_nombre": "Sistema de Log\u00edstica", "usr_creacion": null, "fec_creacion": null, "usr_edicion": null, "fec_edicion": null, "presentation_image": "icon5_ApHSp6N.png"}}, {"model": "proyectos.proyectosistema", "pk": 27, "fields": {"proyectos": 1, "sistemas": 12, "url_base": "192.168.200.123:8000", "codigo": "cpvcapacitacion", "servidor_bd": "CAPACITACION", "nombre_bd": "CAPACITACION", "url_receive": "192.168.200.123:8000/setSession", "presentacion_icon": null, "presentacion_nombre": "Sistema de Capacitaci\u00f3n", "usr_creacion": null, "fec_creacion": null, "usr_edicion": null, "fec_edicion": null, "presentation_image": null}}, {"model": "proyectos.modulo", "pk": 9, "fields": {"nombre": "Seguridad", "descripcion": "Sistema de Seguridad", "slug": "seguridad", "codigo": "segurida", "proyectosistema": 1, "usr_creacion": "", "fec_creacion": null, "usr_edicion": "", "fec_edicion": null, "modulo_padre": null, "template_html": "seguridad.html", "is_padre": 1, "icon": "icon-home4"}}, {"model": "proyectos.modulo", "pk": 10, "fields": {"nombre": "Gesti\u00f3n de Usuarios", "descripcion": "Gesti\u00f3n de Usuarios", "slug": "gestion-de-usuarios", "codigo": "user01", "proyectosistema": 1, "usr_creacion": "", "fec_creacion": null, "usr_edicion": "", "fec_edicion": null, "modulo_padre": 9, "template_html": "seguridad/gestion_de_usuarios.html", "is_padre": 0, "icon": "icon-home4"}}, {"model": "proyectos.modulo", "pk": 11, "fields": {"nombre": "Gesti\u00f3n de Menu de Aplicaciones", "descripcion": "Gesti\u00f3n de Menu de Aplicaciones", "slug": "menu-aplicaciones", "codigo": "menu.apl", "proyectosistema": 1, "usr_creacion": "", "fec_creacion": null, "usr_edicion": "", "fec_edicion": null, "modulo_padre": 9, "template_html": "seguridad/menu-aplicaciones.html", "is_padre": 0, "icon": "icon-home4"}}, {"model": "proyectos.modulo", "pk": 12, "fields": {"nombre": "Gesti\u00f3n de Proyectos", "descripcion": "Gesti\u00f3n de Proyectos", "slug": "proyectos", "codigo": "proyecto", "proyectosistema": 1, "usr_creacion": "", "fec_creacion": null, "usr_edicion": "", "fec_edicion": null, "modulo_padre": 9, "template_html": "seguridad/proyectos.html", "is_padre": 0, "icon": "icon-home4"}}, {"model": "proyectos.modulo", "pk": 13, "fields": {"nombre": "Gesti\u00f3n de Sistemas", "descripcion": "Gesti\u00f3n de Sistemas", "slug": "sistemas", "codigo": "sistemas", "proyectosistema": 1, "usr_creacion": "", "fec_creacion": null, "usr_edicion": "", "fec_edicion": null, "modulo_padre": 9, "template_html": "seguridad/sistemas.html", "is_padre": 0, "icon": "icon-home4"}}, {"model": "proyectos.modulo", "pk": 14, "fields": {"nombre": "Gesti\u00f3n de Roles", "descripcion": "Gesti\u00f3n de Roles", "slug": "roles", "codigo": "rol", "proyectosistema": 1, "usr_creacion": "", "fec_creacion": null, "usr_edicion": "", "fec_edicion": null, "modulo_padre": 9, "template_html": "seguridad/roles.html", "is_padre": 0, "icon": "icon-home4"}}, {"model": "proyectos.modulo", "pk": 19, "fields": {"nombre": "Gesti\u00f3n de Permisos", "descripcion": "Gesti\u00f3n de Permisos", "slug": "permisos", "codigo": "prm", "proyectosistema": 1, "usr_creacion": null, "fec_creacion": null, "usr_edicion": null, "fec_edicion": null, "modulo_padre": 9, "template_html": "seguridad/permisos.html", "is_padre": 0, "icon": "icon-unlocked2"}}, {"model": "proyectos.modulo", "pk": 125, "fields": {"nombre": "Gesti\u00f3n de WebServices", "descripcion": "Gesti\u00f3n de WebServices", "slug": "webservices", "codigo": "webs", "proyectosistema": 1, "usr_creacion": null, "fec_creacion": null, "usr_edicion": null, "fec_edicion": null, "modulo_padre": 9, "template_html": "seguridad/webservices.html", "is_padre": 0, "icon": "icon-home4"}}, {"model": "proyectos.modulo", "pk": 142, "fields": {"nombre": "SISTEMA DE LOG\u00cdSTICA", "descripcion": "SISTEMA DE LOG\u00cdSTICA", "slug": "sistema-de-logistica", "codigo": "sistema-de-logistica", "proyectosistema": 26, "usr_creacion": null, "fec_creacion": null, "usr_edicion": null, "fec_edicion": null, "modulo_padre": null, "template_html": null, "is_padre": 1, "icon": "icon-home4"}}, {"model": "proyectos.modulo", "pk": 143, "fields": {"nombre": "Sistema de Capacitaci\u00f3n", "descripcion": "Sistema de Capacitaci\u00f3n", "slug": "sistema-de-capacitacion", "codigo": "sistema-de-capacitacion", "proyectosistema": 27, "usr_creacion": null, "fec_creacion": null, "usr_edicion": null, "fec_edicion": null, "modulo_padre": null, "template_html": null, "is_padre": 1, "icon": "icon-home4"}}, {"model": "proyectos.modulo", "pk": 144, "fields": {"nombre": "DISTRITOS CON ACCESO A INTERNET", "descripcion": "DISTRITOS CON ACCESO A INTERNET", "slug": "#", "codigo": "coninter", "proyectosistema": 27, "usr_creacion": null, "fec_creacion": null, "usr_edicion": null, "fec_edicion": null, "modulo_padre": 143, "template_html": null, "is_padre": 1, "icon": "icon-station"}}, {"model": "proyectos.modulo", "pk": 145, "fields": {"nombre": "DISTRITOS SIN ACCESO A INTERNET", "descripcion": "DISTRITOS SIN ACCESO A INTERNET", "slug": "#", "codigo": "sininter", "proyectosistema": 27, "usr_creacion": null, "fec_creacion": null, "usr_edicion": null, "fec_edicion": null, "modulo_padre": 143, "template_html": null, "is_padre": 1, "icon": "icon-home4"}}, {"model": "proyectos.modulo", "pk": 146, "fields": {"nombre": "REPORTES", "descripcion": "REPORTES", "slug": "reporte/numero-de-aulas-coberturadas-por-curso-de-capacitacion-segun-departamento-provincia-y-distrito", "codigo": "reportes", "proyectosistema": 27, "usr_creacion": null, "fec_creacion": null, "usr_edicion": null, "fec_edicion": null, "modulo_padre": 143, "template_html": "numero-de-aulas-coberturadas-por-curso-de-capacitacion-segun-departamento-provincia-y-distrito.html", "is_padre": 0, "icon": "icon-menu6"}}, {"model": "proyectos.modulo", "pk": 147, "fields": {"nombre": "M\u00f3dulo de registro de local", "descripcion": "M\u00f3dulo de registro de local", "slug": "modulos/registro-local", "codigo": "reglocal", "proyectosistema": 27, "usr_creacion": null, "fec_creacion": null, "usr_edicion": null, "fec_edicion": null, "modulo_padre": 144, "template_html": "registro-local.html", "is_padre": 0, "icon": "icon-home7"}}, {"model": "proyectos.modulo", "pk": 148, "fields": {"nombre": "M\u00f3dulo de distribuci\u00f3n de personal", "descripcion": "M\u00f3dulo de distribuci\u00f3n de personal", "slug": "modulos/distribucion", "codigo": "dist", "proyectosistema": 27, "usr_creacion": null, "fec_creacion": null, "usr_edicion": null, "fec_edicion": null, "modulo_padre": 144, "template_html": "distribucion.html", "is_padre": 0, "icon": "icon-users4"}}, {"model": "proyectos.modulo", "pk": 149, "fields": {"nombre": "M\u00f3dulo de asistencia", "descripcion": "M\u00f3dulo de asistencia", "slug": "modulos/asistencia", "codigo": "asist", "proyectosistema": 27, "usr_creacion": null, "fec_creacion": null, "usr_edicion": null, "fec_edicion": null, "modulo_padre": 144, "template_html": "asistencia.html", "is_padre": 0, "icon": "icon-clipboard5"}}, {"model": "proyectos.modulo", "pk": 150, "fields": {"nombre": "M\u00f3dulo de registro de notas", "descripcion": "M\u00f3dulo de registro de notas", "slug": "modulos/evaluaciones", "codigo": "eval", "proyectosistema": 27, "usr_creacion": null, "fec_creacion": null, "usr_edicion": null, "fec_edicion": null, "modulo_padre": 144, "template_html": "evaluaciones.html", "is_padre": 0, "icon": "icon-book3"}}, {"model": "proyectos.modulo", "pk": 151, "fields": {"nombre": "M\u00f3dulo de resultados", "descripcion": "M\u00f3dulo de resultados", "slug": "modulos/resultados", "codigo": "result", "proyectosistema": 27, "usr_creacion": null, "fec_creacion": null, "usr_edicion": null, "fec_edicion": null, "modulo_padre": 144, "template_html": "resultados.html", "is_padre": 0, "icon": "icon-statistics"}}, {"model": "proyectos.modulo", "pk": 152, "fields": {"nombre": "M\u00f3dulo de registro de local", "descripcion": "M\u00f3dulo de registro de local", "slug": "modulos/registro-local-sin-internet", "codigo": "localsin", "proyectosistema": 27, "usr_creacion": null, "fec_creacion": null, "usr_edicion": null, "fec_edicion": null, "modulo_padre": 145, "template_html": "registro-local.html", "is_padre": 0, "icon": "icon-home7"}}, {"model": "proyectos.modulo", "pk": 153, "fields": {"nombre": "M\u00f3dulo de registro de notas", "descripcion": "M\u00f3dulo de registro de notas", "slug": "modulos/evaluacion-sininternet", "codigo": "evalsin", "proyectosistema": 27, "usr_creacion": null, "fec_creacion": null, "usr_edicion": null, "fec_edicion": null, "modulo_padre": 145, "template_html": "sininternet.html", "is_padre": 0, "icon": "icon-book3"}}, {"model": "proyectos.modulo", "pk": 154, "fields": {"nombre": "M\u00f3dulo de Resultados", "descripcion": "M\u00f3dulo de Resultados", "slug": "modulos/resultados-sin-internet", "codigo": "resulsin", "proyectosistema": 27, "usr_creacion": null, "fec_creacion": null, "usr_edicion": null, "fec_edicion": null, "modulo_padre": 145, "template_html": "resultados.html", "is_padre": 0, "icon": "icon-statistics"}}, {"model": "proyectos.modulo", "pk": 155, "fields": {"nombre": "Modulo Control de Calidad", "descripcion": "Control de calidad", "slug": "modulos/control-calidad", "codigo": "calidad", "proyectosistema": 27, "usr_creacion": null, "fec_creacion": null, "usr_edicion": null, "fec_edicion": null, "modulo_padre": 143, "template_html": "controlcalidad.html", "is_padre": 0, "icon": "icon-home"}}, {"model": "proyectos.permiso", "pk": 1, "fields": {"nombre": "Guardar", "descripcion": "Permiso de guardar (incluye agregar, editar)", "codigo": 100, "dom_name_sufijo": "__save", "proyectosistema": null, "usr_creacion": "", "fec_creacion": null, "usr_edicion": "", "fec_edicion": null}}, {"model": "proyectos.permiso", "pk": 2, "fields": {"nombre": "Importar", "descripcion": "Permiso para importar informaci\u00f3n", "codigo": 101, "dom_name_sufijo": "__import", "proyectosistema": null, "usr_creacion": null, "fec_creacion": null, "usr_edicion": null, "fec_edicion": null}}, {"model": "proyectos.permiso", "pk": 6, "fields": {"nombre": "Exportar", "descripcion": "Exportar en excel", "codigo": 102, "dom_name_sufijo": "__export", "proyectosistema": null, "usr_creacion": null, "fec_creacion": null, "usr_edicion": null, "fec_edicion": null}}, {"model": "proyectos.permiso", "pk": 9, "fields": {"nombre": "Editar", "descripcion": "Editar datos", "codigo": 103, "dom_name_sufijo": "__editar_datos", "proyectosistema": null, "usr_creacion": null, "fec_creacion": null, "usr_edicion": null, "fec_edicion": null}}, {"model": "proyectos.permiso", "pk": 10, "fields": {"nombre": "Agregar Menu", "descripcion": "Agregar Modulos", "codigo": 203, "dom_name_sufijo": "__add_menu", "proyectosistema": 1, "usr_creacion": null, "fec_creacion": null, "usr_edicion": null, "fec_edicion": null}}, {"model": "proyectos.permiso", "pk": 12, "fields": {"nombre": "Eliminar", "descripcion": "Eliminar", "codigo": 104, "dom_name_sufijo": "__delete", "proyectosistema": null, "usr_creacion": null, "fec_creacion": null, "usr_edicion": null, "fec_edicion": null}}, {"model": "proyectos.permiso", "pk": 19, "fields": {"nombre": "Nuevo Local", "descripcion": "Nuevo Local", "codigo": 501, "dom_name_sufijo": "Registro-Nuevo Local", "proyectosistema": 1, "usr_creacion": null, "fec_creacion": null, "usr_edicion": null, "fec_edicion": null}}, {"model": "proyectos.permiso", "pk": 20, "fields": {"nombre": "Dar Alta", "descripcion": "Dar Alta", "codigo": 502, "dom_name_sufijo": "Asistencia - Dar Alta", "proyectosistema": 1, "usr_creacion": null, "fec_creacion": null, "usr_edicion": null, "fec_edicion": null}}, {"model": "proyectos.permiso", "pk": 21, "fields": {"nombre": "Dar Baja", "descripcion": "Dar Baja", "codigo": 503, "dom_name_sufijo": "Asistencia-Dar Baja", "proyectosistema": 1, "usr_creacion": null, "fec_creacion": null, "usr_edicion": null, "fec_edicion": null}}, {"model": "proyectos.modulorol", "pk": 383, "fields": {"rol": 1, "modulo": 9, "usr_creacion": null, "fec_creacion": null, "usr_edicion": null, "fec_edicion": null}}, {"model": "proyectos.modulorol", "pk": 384, "fields": {"rol": 1, "modulo": 10, "usr_creacion": null, "fec_creacion": null, "usr_edicion": null, "fec_edicion": null}}, {"model": "proyectos.modulorol", "pk": 385, "fields": {"rol": 1, "modulo": 11, "usr_creacion": null, "fec_creacion": null, "usr_edicion": null, "fec_edicion": null}}, {"model": "proyectos.modulorol", "pk": 386, "fields": {"rol": 1, "modulo": 12, "usr_creacion": null, "fec_creacion": null, "usr_edicion": null, "fec_edicion": null}}, {"model": "proyectos.modulorol", "pk": 387, "fields": {"rol": 1, "modulo": 13, "usr_creacion": null, "fec_creacion": null, "usr_edicion": null, "fec_edicion": null}}, {"model": "proyectos.modulorol", "pk": 388, "fields": {"rol": 1, "modulo": 14, "usr_creacion": null, "fec_creacion": null, "usr_edicion": null, "fec_edicion": null}}, {"model": "proyectos.modulorol", "pk": 389, "fields": {"rol": 1, "modulo": 19, "usr_creacion": null, "fec_creacion": null, "usr_edicion": null, "fec_edicion": null}}, {"model": "proyectos.modulorol", "pk": 390, "fields": {"rol": 1, "modulo": 125, "usr_creacion": null, "fec_creacion": null, "usr_edicion": null, "fec_edicion": null}}, {"model": "proyectos.modulorol", "pk": 391, "fields": {"rol": 1, "modulo": 142, "usr_creacion": null, "fec_creacion": null, "usr_edicion": null, "fec_edicion": null}}, {"model": "proyectos.modulorol", "pk": 392, "fields": {"rol": 1, "modulo": 143, "usr_creacion": null, "fec_creacion": null, "usr_edicion": null, "fec_edicion": null}}, {"model": "proyectos.modulorol", "pk": 393, "fields": {"rol": 1, "modulo": 144, "usr_creacion": null, "fec_creacion": null, "usr_edicion": null, "fec_edicion": null}}, {"model": "proyectos.modulorol", "pk": 394, "fields": {"rol": 1, "modulo": 147, "usr_creacion": null, "fec_creacion": null, "usr_edicion": null, "fec_edicion": null}}, {"model": "proyectos.modulorol", "pk": 395, "fields": {"rol": 1, "modulo": 148, "usr_creacion": null, "fec_creacion": null, "usr_edicion": null, "fec_edicion": null}}, {"model": "proyectos.modulorol", "pk": 396, "fields": {"rol": 1, "modulo": 149, "usr_creacion": null, "fec_creacion": null, "usr_edicion": null, "fec_edicion": null}}, {"model": "proyectos.modulorol", "pk": 397, "fields": {"rol": 1, "modulo": 150, "usr_creacion": null, "fec_creacion": null, "usr_edicion": null, "fec_edicion": null}}, {"model": "proyectos.modulorol", "pk": 398, "fields": {"rol": 1, "modulo": 151, "usr_creacion": null, "fec_creacion": null, "usr_edicion": null, "fec_edicion": null}}, {"model": "proyectos.modulorol", "pk": 399, "fields": {"rol": 1, "modulo": 145, "usr_creacion": null, "fec_creacion": null, "usr_edicion": null, "fec_edicion": null}}, {"model": "proyectos.modulorol", "pk": 400, "fields": {"rol": 1, "modulo": 152, "usr_creacion": null, "fec_creacion": null, "usr_edicion": null, "fec_edicion": null}}, {"model": "proyectos.modulorol", "pk": 401, "fields": {"rol": 1, "modulo": 153, "usr_creacion": null, "fec_creacion": null, "usr_edicion": null, "fec_edicion": null}}, {"model": "proyectos.modulorol", "pk": 402, "fields": {"rol": 1, "modulo": 154, "usr_creacion": null, "fec_creacion": null, "usr_edicion": null, "fec_edicion": null}}, {"model": "proyectos.modulorol", "pk": 403, "fields": {"rol": 1, "modulo": 146, "usr_creacion": null, "fec_creacion": null, "usr_edicion": null, "fec_edicion": null}}, {"model": "proyectos.modulorol", "pk": 440, "fields": {"rol": 2, "modulo": 143, "usr_creacion": null, "fec_creacion": null, "usr_edicion": null, "fec_edicion": null}}, {"model": "proyectos.modulorol", "pk": 441, "fields": {"rol": 2, "modulo": 144, "usr_creacion": null, "fec_creacion": null, "usr_edicion": null, "fec_edicion": null}}, {"model": "proyectos.modulorol", "pk": 442, "fields": {"rol": 2, "modulo": 147, "usr_creacion": null, "fec_creacion": null, "usr_edicion": null, "fec_edicion": null}}, {"model": "proyectos.modulorol", "pk": 443, "fields": {"rol": 2, "modulo": 148, "usr_creacion": null, "fec_creacion": null, "usr_edicion": null, "fec_edicion": null}}, {"model": "proyectos.modulorol", "pk": 444, "fields": {"rol": 2, "modulo": 149, "usr_creacion": null, "fec_creacion": null, "usr_edicion": null, "fec_edicion": null}}, {"model": "proyectos.modulorol", "pk": 445, "fields": {"rol": 2, "modulo": 150, "usr_creacion": null, "fec_creacion": null, "usr_edicion": null, "fec_edicion": null}}, {"model": "proyectos.modulorol", "pk": 446, "fields": {"rol": 2, "modulo": 151, "usr_creacion": null, "fec_creacion": null, "usr_edicion": null, "fec_edicion": null}}, {"model": "proyectos.modulorol", "pk": 447, "fields": {"rol": 2, "modulo": 145, "usr_creacion": null, "fec_creacion": null, "usr_edicion": null, "fec_edicion": null}}, {"model": "proyectos.modulorol", "pk": 448, "fields": {"rol": 2, "modulo": 152, "usr_creacion": null, "fec_creacion": null, "usr_edicion": null, "fec_edicion": null}}, {"model": "proyectos.modulorol", "pk": 449, "fields": {"rol": 2, "modulo": 153, "usr_creacion": null, "fec_creacion": null, "usr_edicion": null, "fec_edicion": null}}, {"model": "proyectos.modulorol", "pk": 450, "fields": {"rol": 2, "modulo": 154, "usr_creacion": null, "fec_creacion": null, "usr_edicion": null, "fec_edicion": null}}, {"model": "proyectos.modulorol", "pk": 451, "fields": {"rol": 2, "modulo": 146, "usr_creacion": null, "fec_creacion": null, "usr_edicion": null, "fec_edicion": null}}, {"model": "proyectos.modulorol", "pk": 452, "fields": {"rol": 2, "modulo": 155, "usr_creacion": null, "fec_creacion": null, "usr_edicion": null, "fec_edicion": null}}, {"model": "proyectos.modulorol", "pk": 453, "fields": {"rol": 3, "modulo": 143, "usr_creacion": null, "fec_creacion": null, "usr_edicion": null, "fec_edicion": null}}, {"model": "proyectos.modulorol", "pk": 454, "fields": {"rol": 3, "modulo": 144, "usr_creacion": null, "fec_creacion": null, "usr_edicion": null, "fec_edicion": null}}, {"model": "proyectos.modulorol", "pk": 455, "fields": {"rol": 3, "modulo": 147, "usr_creacion": null, "fec_creacion": null, "usr_edicion": null, "fec_edicion": null}}, {"model": "proyectos.modulorol", "pk": 456, "fields": {"rol": 3, "modulo": 148, "usr_creacion": null, "fec_creacion": null, "usr_edicion": null, "fec_edicion": null}}, {"model": "proyectos.modulorol", "pk": 457, "fields": {"rol": 3, "modulo": 149, "usr_creacion": null, "fec_creacion": null, "usr_edicion": null, "fec_edicion": null}}, {"model": "proyectos.modulorol", "pk": 458, "fields": {"rol": 3, "modulo": 150, "usr_creacion": null, "fec_creacion": null, "usr_edicion": null, "fec_edicion": null}}, {"model": "proyectos.modulorol", "pk": 459, "fields": {"rol": 3, "modulo": 151, "usr_creacion": null, "fec_creacion": null, "usr_edicion": null, "fec_edicion": null}}, {"model": "proyectos.modulorol", "pk": 460, "fields": {"rol": 3, "modulo": 145, "usr_creacion": null, "fec_creacion": null, "usr_edicion": null, "fec_edicion": null}}, {"model": "proyectos.modulorol", "pk": 461, "fields": {"rol": 3, "modulo": 152, "usr_creacion": null, "fec_creacion": null, "usr_edicion": null, "fec_edicion": null}}, {"model": "proyectos.modulorol", "pk": 462, "fields": {"rol": 3, "modulo": 153, "usr_creacion": null, "fec_creacion": null, "usr_edicion": null, "fec_edicion": null}}, {"model": "proyectos.modulorol", "pk": 463, "fields": {"rol": 3, "modulo": 154, "usr_creacion": null, "fec_creacion": null, "usr_edicion": null, "fec_edicion": null}}, {"model": "proyectos.modulorol", "pk": 464, "fields": {"rol": 3, "modulo": 146, "usr_creacion": null, "fec_creacion": null, "usr_edicion": null, "fec_edicion": null}}, {"model": "proyectos.modulorol", "pk": 465, "fields": {"rol": 3, "modulo": 155, "usr_creacion": null, "fec_creacion": null, "usr_edicion": null, "fec_edicion": null}}, {"model": "proyectos.modulorol", "pk": 466, "fields": {"rol": 8, "modulo": 143, "usr_creacion": null, "fec_creacion": null, "usr_edicion": null, "fec_edicion": null}}, {"model": "proyectos.modulorol", "pk": 467, "fields": {"rol": 8, "modulo": 144, "usr_creacion": null, "fec_creacion": null, "usr_edicion": null, "fec_edicion": null}}, {"model": "proyectos.modulorol", "pk": 468, "fields": {"rol": 8, "modulo": 147, "usr_creacion": null, "fec_creacion": null, "usr_edicion": null, "fec_edicion": null}}, {"model": "proyectos.modulorol", "pk": 469, "fields": {"rol": 8, "modulo": 148, "usr_creacion": null, "fec_creacion": null, "usr_edicion": null, "fec_edicion": null}}, {"model": "proyectos.modulorol", "pk": 470, "fields": {"rol": 8, "modulo": 149, "usr_creacion": null, "fec_creacion": null, "usr_edicion": null, "fec_edicion": null}}, {"model": "proyectos.modulorol", "pk": 471, "fields": {"rol": 8, "modulo": 150, "usr_creacion": null, "fec_creacion": null, "usr_edicion": null, "fec_edicion": null}}, {"model": "proyectos.modulorol", "pk": 472, "fields": {"rol": 8, "modulo": 151, "usr_creacion": null, "fec_creacion": null, "usr_edicion": null, "fec_edicion": null}}, {"model": "proyectos.modulorol", "pk": 473, "fields": {"rol": 8, "modulo": 145, "usr_creacion": null, "fec_creacion": null, "usr_edicion": null, "fec_edicion": null}}, {"model": "proyectos.modulorol", "pk": 474, "fields": {"rol": 8, "modulo": 152, "usr_creacion": null, "fec_creacion": null, "usr_edicion": null, "fec_edicion": null}}, {"model": "proyectos.modulorol", "pk": 475, "fields": {"rol": 8, "modulo": 153, "usr_creacion": null, "fec_creacion": null, "usr_edicion": null, "fec_edicion": null}}, {"model": "proyectos.modulorol", "pk": 476, "fields": {"rol": 8, "modulo": 154, "usr_creacion": null, "fec_creacion": null, "usr_edicion": null, "fec_edicion": null}}, {"model": "proyectos.modulorol", "pk": 477, "fields": {"rol": 8, "modulo": 146, "usr_creacion": null, "fec_creacion": null, "usr_edicion": null, "fec_edicion": null}}, {"model": "proyectos.modulorol", "pk": 478, "fields": {"rol": 8, "modulo": 155, "usr_creacion": null, "fec_creacion": null, "usr_edicion": null, "fec_edicion": null}}, {"model": "proyectos.modulorol", "pk": 479, "fields": {"rol": 7, "modulo": 143, "usr_creacion": null, "fec_creacion": null, "usr_edicion": null, "fec_edicion": null}}, {"model": "proyectos.modulorol", "pk": 480, "fields": {"rol": 7, "modulo": 144, "usr_creacion": null, "fec_creacion": null, "usr_edicion": null, "fec_edicion": null}}, {"model": "proyectos.modulorol", "pk": 481, "fields": {"rol": 7, "modulo": 147, "usr_creacion": null, "fec_creacion": null, "usr_edicion": null, "fec_edicion": null}}, {"model": "proyectos.modulorol", "pk": 482, "fields": {"rol": 7, "modulo": 148, "usr_creacion": null, "fec_creacion": null, "usr_edicion": null, "fec_edicion": null}}, {"model": "proyectos.modulorol", "pk": 483, "fields": {"rol": 7, "modulo": 149, "usr_creacion": null, "fec_creacion": null, "usr_edicion": null, "fec_edicion": null}}, {"model": "proyectos.modulorol", "pk": 484, "fields": {"rol": 7, "modulo": 150, "usr_creacion": null, "fec_creacion": null, "usr_edicion": null, "fec_edicion": null}}, {"model": "proyectos.modulorol", "pk": 485, "fields": {"rol": 7, "modulo": 151, "usr_creacion": null, "fec_creacion": null, "usr_edicion": null, "fec_edicion": null}}, {"model": "proyectos.modulorol", "pk": 486, "fields": {"rol": 7, "modulo": 145, "usr_creacion": null, "fec_creacion": null, "usr_edicion": null, "fec_edicion": null}}, {"model": "proyectos.modulorol", "pk": 487, "fields": {"rol": 7, "modulo": 152, "usr_creacion": null, "fec_creacion": null, "usr_edicion": null, "fec_edicion": null}}, {"model": "proyectos.modulorol", "pk": 488, "fields": {"rol": 7, "modulo": 153, "usr_creacion": null, "fec_creacion": null, "usr_edicion": null, "fec_edicion": null}}, {"model": "proyectos.modulorol", "pk": 489, "fields": {"rol": 7, "modulo": 154, "usr_creacion": null, "fec_creacion": null, "usr_edicion": null, "fec_edicion": null}}, {"model": "proyectos.modulorol", "pk": 490, "fields": {"rol": 7, "modulo": 146, "usr_creacion": null, "fec_creacion": null, "usr_edicion": null, "fec_edicion": null}}, {"model": "proyectos.modulorol", "pk": 491, "fields": {"rol": 7, "modulo": 155, "usr_creacion": null, "fec_creacion": null, "usr_edicion": null, "fec_edicion": null}}, {"model": "proyectos.modulorol", "pk": 492, "fields": {"rol": 6, "modulo": 143, "usr_creacion": null, "fec_creacion": null, "usr_edicion": null, "fec_edicion": null}}, {"model": "proyectos.modulorol", "pk": 493, "fields": {"rol": 6, "modulo": 144, "usr_creacion": null, "fec_creacion": null, "usr_edicion": null, "fec_edicion": null}}, {"model": "proyectos.modulorol", "pk": 494, "fields": {"rol": 6, "modulo": 147, "usr_creacion": null, "fec_creacion": null, "usr_edicion": null, "fec_edicion": null}}, {"model": "proyectos.modulorol", "pk": 495, "fields": {"rol": 6, "modulo": 148, "usr_creacion": null, "fec_creacion": null, "usr_edicion": null, "fec_edicion": null}}, {"model": "proyectos.modulorol", "pk": 496, "fields": {"rol": 6, "modulo": 149, "usr_creacion": null, "fec_creacion": null, "usr_edicion": null, "fec_edicion": null}}, {"model": "proyectos.modulorol", "pk": 497, "fields": {"rol": 6, "modulo": 150, "usr_creacion": null, "fec_creacion": null, "usr_edicion": null, "fec_edicion": null}}, {"model": "proyectos.modulorol", "pk": 498, "fields": {"rol": 6, "modulo": 151, "usr_creacion": null, "fec_creacion": null, "usr_edicion": null, "fec_edicion": null}}, {"model": "proyectos.modulorol", "pk": 499, "fields": {"rol": 6, "modulo": 145, "usr_creacion": null, "fec_creacion": null, "usr_edicion": null, "fec_edicion": null}}, {"model": "proyectos.modulorol", "pk": 500, "fields": {"rol": 6, "modulo": 152, "usr_creacion": null, "fec_creacion": null, "usr_edicion": null, "fec_edicion": null}}, {"model": "proyectos.modulorol", "pk": 501, "fields": {"rol": 6, "modulo": 153, "usr_creacion": null, "fec_creacion": null, "usr_edicion": null, "fec_edicion": null}}, {"model": "proyectos.modulorol", "pk": 502, "fields": {"rol": 6, "modulo": 154, "usr_creacion": null, "fec_creacion": null, "usr_edicion": null, "fec_edicion": null}}, {"model": "proyectos.modulorol", "pk": 503, "fields": {"rol": 6, "modulo": 146, "usr_creacion": null, "fec_creacion": null, "usr_edicion": null, "fec_edicion": null}}, {"model": "proyectos.modulorol", "pk": 504, "fields": {"rol": 6, "modulo": 155, "usr_creacion": null, "fec_creacion": null, "usr_edicion": null, "fec_edicion": null}}, {"model": "proyectos.modulorol", "pk": 505, "fields": {"rol": 5, "modulo": 143, "usr_creacion": null, "fec_creacion": null, "usr_edicion": null, "fec_edicion": null}}, {"model": "proyectos.modulorol", "pk": 506, "fields": {"rol": 5, "modulo": 144, "usr_creacion": null, "fec_creacion": null, "usr_edicion": null, "fec_edicion": null}}, {"model": "proyectos.modulorol", "pk": 507, "fields": {"rol": 5, "modulo": 147, "usr_creacion": null, "fec_creacion": null, "usr_edicion": null, "fec_edicion": null}}, {"model": "proyectos.modulorol", "pk": 508, "fields": {"rol": 5, "modulo": 148, "usr_creacion": null, "fec_creacion": null, "usr_edicion": null, "fec_edicion": null}}, {"model": "proyectos.modulorol", "pk": 509, "fields": {"rol": 5, "modulo": 149, "usr_creacion": null, "fec_creacion": null, "usr_edicion": null, "fec_edicion": null}}, {"model": "proyectos.modulorol", "pk": 510, "fields": {"rol": 5, "modulo": 150, "usr_creacion": null, "fec_creacion": null, "usr_edicion": null, "fec_edicion": null}}, {"model": "proyectos.modulorol", "pk": 511, "fields": {"rol": 5, "modulo": 151, "usr_creacion": null, "fec_creacion": null, "usr_edicion": null, "fec_edicion": null}}, {"model": "proyectos.modulorol", "pk": 512, "fields": {"rol": 5, "modulo": 145, "usr_creacion": null, "fec_creacion": null, "usr_edicion": null, "fec_edicion": null}}, {"model": "proyectos.modulorol", "pk": 513, "fields": {"rol": 5, "modulo": 152, "usr_creacion": null, "fec_creacion": null, "usr_edicion": null, "fec_edicion": null}}, {"model": "proyectos.modulorol", "pk": 514, "fields": {"rol": 5, "modulo": 153, "usr_creacion": null, "fec_creacion": null, "usr_edicion": null, "fec_edicion": null}}, {"model": "proyectos.modulorol", "pk": 515, "fields": {"rol": 5, "modulo": 154, "usr_creacion": null, "fec_creacion": null, "usr_edicion": null, "fec_edicion": null}}, {"model": "proyectos.modulorol", "pk": 516, "fields": {"rol": 5, "modulo": 146, "usr_creacion": null, "fec_creacion": null, "usr_edicion": null, "fec_edicion": null}}, {"model": "proyectos.modulorol", "pk": 517, "fields": {"rol": 5, "modulo": 155, "usr_creacion": null, "fec_creacion": null, "usr_edicion": null, "fec_edicion": null}}, {"model": "proyectos.modulorol", "pk": 518, "fields": {"rol": 4, "modulo": 143, "usr_creacion": null, "fec_creacion": null, "usr_edicion": null, "fec_edicion": null}}, {"model": "proyectos.modulorol", "pk": 519, "fields": {"rol": 4, "modulo": 144, "usr_creacion": null, "fec_creacion": null, "usr_edicion": null, "fec_edicion": null}}, {"model": "proyectos.modulorol", "pk": 520, "fields": {"rol": 4, "modulo": 147, "usr_creacion": null, "fec_creacion": null, "usr_edicion": null, "fec_edicion": null}}, {"model": "proyectos.modulorol", "pk": 521, "fields": {"rol": 4, "modulo": 148, "usr_creacion": null, "fec_creacion": null, "usr_edicion": null, "fec_edicion": null}}, {"model": "proyectos.modulorol", "pk": 522, "fields": {"rol": 4, "modulo": 149, "usr_creacion": null, "fec_creacion": null, "usr_edicion": null, "fec_edicion": null}}, {"model": "proyectos.modulorol", "pk": 523, "fields": {"rol": 4, "modulo": 150, "usr_creacion": null, "fec_creacion": null, "usr_edicion": null, "fec_edicion": null}}, {"model": "proyectos.modulorol", "pk": 524, "fields": {"rol": 4, "modulo": 151, "usr_creacion": null, "fec_creacion": null, "usr_edicion": null, "fec_edicion": null}}, {"model": "proyectos.modulorol", "pk": 525, "fields": {"rol": 4, "modulo": 145, "usr_creacion": null, "fec_creacion": null, "usr_edicion": null, "fec_edicion": null}}, {"model": "proyectos.modulorol", "pk": 526, "fields": {"rol": 4, "modulo": 152, "usr_creacion": null, "fec_creacion": null, "usr_edicion": null, "fec_edicion": null}}, {"model": "proyectos.modulorol", "pk": 527, "fields": {"rol": 4, "modulo": 153, "usr_creacion": null, "fec_creacion": null, "usr_edicion": null, "fec_edicion": null}}, {"model": "proyectos.modulorol", "pk": 528, "fields": {"rol": 4, "modulo": 154, "usr_creacion": null, "fec_creacion": null, "usr_edicion": null, "fec_edicion": null}}, {"model": "proyectos.modulorol", "pk": 529, "fields": {"rol": 4, "modulo": 146, "usr_creacion": null, "fec_creacion": null, "usr_edicion": null, "fec_edicion": null}}, {"model": "proyectos.modulorol", "pk": 530, "fields": {"rol": 4, "modulo": 155, "usr_creacion": null, "fec_creacion": null, "usr_edicion": null, "fec_edicion": null}}, {"model": "proyectos.modulorol", "pk": 531, "fields": {"rol": 9, "modulo": 155, "usr_creacion": null, "fec_creacion": null, "usr_edicion": null, "fec_edicion": null}}, {"model": "proyectos.rol", "pk": 1, "fields": {"nombre": "Administrador", "descripcion": "Administrador del Modulo de Seguridad", "codigo": "adm", "usr_creacion": "", "fec_creacion": null, "usr_edicion": "", "fec_edicion": null}}, {"model": "proyectos.rol", "pk": 2, "fields": {"nombre": "Coordinadora de Capacitaci\u00f3n", "descripcion": "Coordinadora de Capacitaci\u00f3n", "codigo": "coordcapa", "usr_creacion": null, "fec_creacion": null, "usr_edicion": null, "fec_edicion": null}}, {"model": "proyectos.rol", "pk": 3, "fields": {"nombre": "Coordinador de Curso", "descripcion": "Coordinador de Curso", "codigo": "coordcurso", "usr_creacion": null, "fec_creacion": null, "usr_edicion": null, "fec_edicion": null}}, {"model": "proyectos.rol", "pk": 4, "fields": {"nombre": "Jefe Departamental", "descripcion": "Jefe Departamental", "codigo": "jefedepa", "usr_creacion": null, "fec_creacion": null, "usr_edicion": null, "fec_edicion": null}}, {"model": "proyectos.rol", "pk": 5, "fields": {"nombre": "Jefe Sub Departamental", "descripcion": "Jefe Sub Departamental", "codigo": "jefesubdepa", "usr_creacion": null, "fec_creacion": null, "usr_edicion": null, "fec_edicion": null}}, {"model": "proyectos.rol", "pk": 6, "fields": {"nombre": "Jefe Provincial", "descripcion": "Jefe Provincial", "codigo": "jefeprov", "usr_creacion": null, "fec_creacion": null, "usr_edicion": null, "fec_edicion": null}}, {"model": "proyectos.rol", "pk": 7, "fields": {"nombre": "Jefe Distrital", "descripcion": "Jefe Distrital", "codigo": "jefedist", "usr_creacion": null, "fec_creacion": null, "usr_edicion": null, "fec_edicion": null}}, {"model": "proyectos.rol", "pk": 8, "fields": {"nombre": "Jefes de Zona", "descripcion": "Jefes de Zona", "codigo": "jefezona", "usr_creacion": null, "fec_creacion": null, "usr_edicion": null, "fec_edicion": null}}, {"model": "proyectos.rol", "pk": 9, "fields": {"nombre": "Analista  de calidad", "descripcion": "Evaluacion de locales y aulas", "codigo": "anacal", "usr_creacion": null, "fec_creacion": null, "usr_edicion": null, "fec_edicion": null}}, {"model": "proyectos.usuario", "pk": 1, "fields": {"dni": "72188059", "ape_pat": "Farf\u00e1n", "ape_mat": "Melgar", "nombre": "Luis Eduardo", "tipousuario": 2, "fecha_contrato_inicio": "2015-10-15", "fecha_contrato_extended": "", "fecha_contrato_fin": "2017-01-19", "fecha_nacimiento": "1993-08-14", "email_inst": "luis.farfan@inei.gob.pe", "email_personal": "lucho.farfan9@gmail.com", "usuario": "lfarfan", "clave": "luis123", "usr_creacion": "", "fec_creacion": null, "usr_edicion": "", "fec_edicion": null, "activo": 1, "rol": 1, "ccdd": "15", "ccpp": "01", "ccdi": "25", "zona": null}}, {"model": "proyectos.usuario", "pk": 34, "fields": {"dni": "9999999", "ape_pat": "Pacherres", "ape_mat": "Pacherres", "nombre": "Liliana", "tipousuario": 3, "fecha_contrato_inicio": "", "fecha_contrato_extended": "", "fecha_contrato_fin": "", "fecha_nacimiento": null, "email_inst": "liliana.pacherres@inei.gob.pe", "email_personal": "liliana.pacherres@gmail.com", "usuario": "user150125", "clave": "123456", "usr_creacion": null, "fec_creacion": null, "usr_edicion": null, "fec_edicion": null, "activo": 1, "rol": 7, "ccdd": "15", "ccpp": "01", "ccdi": "25", "zona": null}}, {"model": "proyectos.usuario", "pk": 35, "fields": {"dni": "45202474", "ape_pat": "aza\u00f1a", "ape_mat": "perez", "nombre": "karen", "tipousuario": 3, "fecha_contrato_inicio": "2017-05-01", "fecha_contrato_extended": "", "fecha_contrato_fin": "2018-05-01", "fecha_nacimiento": null, "email_inst": "", "email_personal": "", "usuario": "kaza\u00f1a", "clave": "123456", "usr_creacion": null, "fec_creacion": null, "usr_edicion": null, "fec_edicion": null, "activo": 1, "rol": 9, "ccdd": "15", "ccpp": "01", "ccdi": "25", "zona": null}}, {"model": "proyectos.tipousuario", "pk": 1, "fields": {"nombre": "NOMBRADO", "descripcion": "NOMBRADO", "usr_creacion": "", "fec_creacion": null, "usr_edicion": "", "fec_edicion": null}}, {"model": "proyectos.tipousuario", "pk": 2, "fields": {"nombre": "CAS", "descripcion": "CAS", "usr_creacion": "", "fec_creacion": null, "usr_edicion": "", "fec_edicion": null}}, {"model": "proyectos.tipousuario", "pk": 3, "fields": {"nombre": "LOCACI\u00d3N", "descripcion": "LOCACI\u00d3N", "usr_creacion": "", "fec_creacion": null, "usr_edicion": "", "fec_edicion": null}}, {"model": "sistemas.sistema", "pk": 1, "fields": {"nombre": "SEGURIDAD", "descripcion": "SEGURIDAD", "codigo": "seg", "usr_creacion": null, "fec_creacion": null, "usr_edicion": null, "fec_edicion": null, "estado": 1}}, {"model": "sistemas.sistema", "pk": 11, "fields": {"nombre": "SISTEMA DE LOG\u00cdSTICA", "descripcion": "SISTEMA DE LOG\u00cdSTICA", "codigo": "udra", "usr_creacion": null, "fec_creacion": null, "usr_edicion": null, "fec_edicion": null, "estado": 1}}, {"model": "sistemas.sistema", "pk": 12, "fields": {"nombre": "Sistema de Capacitaci\u00f3n", "descripcion": "Sistema de Capacitaci\u00f3n", "codigo": "capa", "usr_creacion": null, "fec_creacion": null, "usr_edicion": null, "fec_edicion": null, "estado": 1}}, {"model": "webservices.tipovariable", "pk": 1, "fields": {"nombre": "integer"}}, {"model": "webservices.tipovariable", "pk": 2, "fields": {"nombre": "string"}}, {"model": "webservices.tipovariable", "pk": 3, "fields": {"nombre": "boolean"}}, {"model": "webservices.parameter", "pk": 1, "fields": {"nombre": "codigoproyectosistema", "descripcion": "Codigo Unico identificador registrado en el Proyecto Sistema", "tipovariable": 2, "parameterexample": "cpvseguridad"}}, {"model": "webservices.parameter", "pk": 2, "fields": {"nombre": "rol", "descripcion": "Codigo \u00fanico identificador registrado en el Rol.", "tipovariable": 2, "parameterexample": "adm001"}}, {"model": "webservices.parameter", "pk": 3, "fields": {"nombre": "idusuario", "descripcion": "Codigo \u00fanico identificador generador en la creaci\u00f3n de Usuarios", "tipovariable": 1, "parameterexample": "1"}}, {"model": "webservices.parameter", "pk": 4, "fields": {"nombre": "dni", "descripcion": "DNI de un usuario registrado, el dni es \u00fanico.", "tipovariable": 1, "parameterexample": "72188059"}}, {"model": "webservices.parameter", "pk": 5, "fields": {"nombre": "proyecto", "descripcion": "Proyecto", "tipovariable": 1, "parameterexample": "1"}}, {"model": "webservices.webservice", "pk": 1, "fields": {"nombre": "Menu por Proyecto Sistema", "descripcion": "Menu(sidebar)recursivo por Proyecto y Sistema. ", "httpmethod": "GET", "url": "menubyproyectosistema"}}, {"model": "webservices.webservice", "pk": 2, "fields": {"nombre": "Menu segun Rol y Proyecto Sistema", "descripcion": "Menu segun Rol y Proyecto Sistema", "httpmethod": "GET", "url": "menubyrol_proyectosistema"}}, {"model": "webservices.webservice", "pk": 3, "fields": {"nombre": "Informaci\u00f3n de Usuario", "descripcion": "Informaci\u00f3n completa segun codigo de usuario", "httpmethod": "GET", "url": "infouser"}}, {"model": "webservices.webservice", "pk": 4, "fields": {"nombre": "Usuarios seg\u00fan Rol", "descripcion": "Lista de usuarios de un rol en especifico.", "httpmethod": "GET", "url": "userbyrol"}}, {"model": "webservices.webservice", "pk": 7, "fields": {"nombre": "Lista de Proyectos seg\u00fan usuario", "descripcion": "Lista de proyectos al cual tiene acceso un usuario", "httpmethod": "GET", "url": "proyectoslist"}}, {"model": "webservices.webservice", "pk": 8, "fields": {"nombre": "Lista de Sistemas por Proyecto seg\u00fan usuario", "descripcion": "Lista de sistemas por proyecto", "httpmethod": "GET", "url": "sistemasbyproyectolist"}}, {"model": "webservices.webservice", "pk": 9, "fields": {"nombre": "Lista de usuarios seg\u00fan proyecto sistema", "descripcion": "Lista de usuarios seg\u00fan proyecto sistema", "httpmethod": "GET", "url": "userbyproyectosistema"}}, {"model": "webservices.webserviceparameters", "pk": 1, "fields": {"webservice": 1, "parameter": 1}}, {"model": "webservices.webserviceparameters", "pk": 2, "fields": {"webservice": 2, "parameter": 1}}, {"model": "webservices.webserviceparameters", "pk": 3, "fields": {"webservice": 2, "parameter": 2}}, {"model": "webservices.webserviceparameters", "pk": 4, "fields": {"webservice": 3, "parameter": 3}}, {"model": "webservices.webserviceparameters", "pk": 5, "fields": {"webservice": 2, "parameter": 4}}, {"model": "webservices.webserviceparameters", "pk": 6, "fields": {"webservice": 8, "parameter": 3}}, {"model": "webservices.webserviceparameters", "pk": 7, "fields": {"webservice": 8, "parameter": 5}}, {"model": "webservices.webserviceparameters", "pk": 8, "fields": {"webservice": 7, "parameter": 3}}, {"model": "webservices.webserviceparameters", "pk": 9, "fields": {"webservice": 9, "parameter": 1}}, {"model": "webservices.webserviceparameters", "pk": 10, "fields": {"webservice": 4, "parameter": 2}}, {"model": "admin.logentry", "pk": 1, "fields": {"action_time": "2017-05-22T05:45:10.023Z", "user": 1, "content_type": 11, "object_id": "33", "object_repr": "Usuario object", "action_flag": 2, "change_message": "[{\"changed\": {\"fields\": [\"ccdd\", \"ccpp\", \"ccdi\"]}}]"}}, {"model": "admin.logentry", "pk": 2, "fields": {"action_time": "2017-05-22T05:53:39.800Z", "user": 1, "content_type": 11, "object_id": "33", "object_repr": "Usuario object", "action_flag": 2, "change_message": "[{\"changed\": {\"fields\": [\"ccdi\"]}}]"}}, {"model": "admin.logentry", "pk": 3, "fields": {"action_time": "2017-05-22T13:58:46.438Z", "user": 1, "content_type": 17, "object_id": "33", "object_repr": "Usuario object", "action_flag": 2, "change_message": "[{\"changed\": {\"fields\": [\"ccdi\"]}}]"}}]